		"** 01-s1.pdf page 62
		" sop
		dac = 0040000			" MEM: deposit AC
	040000  
		jms = 0100000			" MEM: jump to subroutine
	100000  
		dzm = 0140000			" MEM: deposit zero to memory
	140000  
		lac = 0200000			" MEM: load AC
	200000  
		xor = 0240000			" MEM: XOR with AC
	240000  
		add = 0300000			" MEM: one's complement add
	300000  
		tad = 0340000			" MEM: two's complement add
	340000  
		xct = 0400000			" MEM: execute
	400000  
		isz = 0440000			" MEM: increment and skip if zero
	440000  
		and = 0500000			" MEM: AND
	500000  
		sad = 0540000			" MEM: skip if AC different
	540000  
		jmp = 0600000			" MEM: jump
	600000  
		nop = 0740000			" OPR: no-op
	740000  
		i = 020000			" indirect
	020000  
		law = 0760000			" OPR: load accumulator with (instr)
	760000  
		cma = 0740001			" OPR: complement AC
	740001  
		las = 0750004			" OPR: load AC from switches
	750004  
		ral = 0740010			" OPR: rotate AC left
	740010  
		rar = 0740020			" OPR: rotate AC right
	740020  
		hlt = 0740040			" OPR: halt
	740040  
		sma = 0740100			" OPR: skip on minus AC
	740100  
		sza = 0740200			" OPR: skip on zero AC
	740200  
		snl = 0740400			" OPR: skip on non-zero link
	740400  
		skp = 0741000			" OPR: skip unconditionally
	741000  
		spa = 0741100			" OPR: skip on positive AC
	741100  
		sna = 0741200			" OPR: skip on non-zero AC
	741200  
		szl = 0741400			" OPR: skip on zero link
	741400  
		rtl = 0742010			" OPR: rotate two left
	742010  
		rtr = 0742020			" OPR: rotate two right
	742020  
		cll = 0744000			" OPR: clear link
	744000  
		rcl = 0744010			" OPR: clear link, rotate left
	744010  
		rcr = 0744020			" OPR: clear link, rotate right
	744020  
		cla = 0750000			" OPR: clear AC
	750000  
		lrs = 0640500			" EAE: long right shift
	640500  
		lrss = 0660500			" EAE: long right shift, signed
	660500  
		lls = 0640600			" EAE: long left shift
	640600  
		llss = 0660600			" EAE: long left shift, signed
	660600  
		als = 0640700			" EAE: AC left shift
	640700  
		alss = 0660700			" EAE: AC left shift, signed
	660700  
		mul = 0653122			" EAE: multiply
	653122  
		idiv = 0653323			" EAE: integer divide
	653323  
		lacq = 0641002			" EAE: load AC with MQ
	641002  
		clq = 0650000			" EAE: clear MQ
	650000  
		omq = 0640002			" EAE: OR MQ into AC
	640002  
		cmq = 0640004			" EAE: complement MQ
	640004  
		lmq = 0652000			" EAE: load MQ from AC
	652000  
		dscs = 0707141			" DSK: clear status register
	707141  
		dslw = 0707124			" DSK: clear and load WC from AC
	707124  
		dslm = 0707142			" DSK: clear and load MAC from AC
	707142  
		dsld = 0707104			" DSK: clear and load TA and SA from AC
	707104  
		dsls = 0707144			" DSK: load status
	707144  
		dssf = 0707121			" DSK: skip on flags
	707121  
		dsrs = 0707132			" DSK: read status register
	707132  
		iof = 0700002			" PIC: interrupts off
	700002  
		ion = 0700042			" PIC: interrupts on
	700042  
		caf = 0703302			" CPU: clear all flags
	703302  
		clon = 0700044			" CLK: clear flag, enable
	700044  
		clsf = 0700001			" CLK: skip if overflow
	700001  
		"** 01-s1.pdf page 63
		clof = 0700004			" CLK: clear flag, disable
	700004  
		ksf = 0700301			" KBD: skip if flag set
	700301  
		krb = 0700312			" KBD: read buffer
	700312  
		tsf = 0700401			" TTY: skip if flag set
	700401  
		tcf = 0700402			" TTY: clear flag
	700402  
		tls = 0700406			" TTY: load buffer, select
	700406  
		sck = 0704301			" G-2: skip on console keyboard
	704301  
		cck = 0704304			" G-2: clear console keyboard
	704304  
		lck = 0704312			" G-2: load console keyboard
	704312  
		rsf = 0700101			" PTR: skip if flag set
	700101  
		rsa = 0700104			" PTR: select alphanumeric mode
	700104  
		rrb = 0700112			" PTR: clear flag, or read buffer
	700112  
		psf = 0700201			" PTP: skip if flag set
	700201  
		pcf = 0700202			" PTP: clear flag
	700202  
		psa = 0700204			" PTP: alphanumeric mode
	700204  
		cdf = 0700501			" G-2: clear display flags
	700501  
		lds = 0701052			" G-2: load display status
	701052  
		lda = 0701012			" G-2: load display address
	701012  
		wcga = 0704206			" G-2: ???
	704206  
		raef = 0700742			" G-2: resume after edges flag
	700742  
		rlpd = 0700723			" G-2: resume after light pen stop, disabled
	700723  
		beg = 0700547			" G-2: begin
	700547  
		spb = 0704401			" G-2: skip on push button flag
	704401  
		cpb = 0704404			" G-2: clear push button flag
	704404  
		lpb = 0704412			" G-2: load push buttons
	704412  
		wbl = 0704424			" G-2: write button lights
	704424  
		dprs = 0704752			" dataphone: read status
	704752  
		dpsf = 0704741			" dataphone: skip on flag
	704741  
		dpcf = 0704761			" dataphone: clear flag
	704761  
		dprc = 0704712			" dataphone: read character
	704712  
		crsf = 0706701			" CDR: skip if ready
	706701  
		crrb = 0706712			" CDR: read buffer
	706712  
		"** 01-s1.pdf page 62
		" sop
		dac = 0040000			" MEM: deposit AC
	040000  
		jms = 0100000			" MEM: jump to subroutine
	100000  
		dzm = 0140000			" MEM: deposit zero to memory
	140000  
		lac = 0200000			" MEM: load AC
	200000  
		xor = 0240000			" MEM: XOR with AC
	240000  
		add = 0300000			" MEM: one's complement add
	300000  
		tad = 0340000			" MEM: two's complement add
	340000  
		xct = 0400000			" MEM: execute
	400000  
		isz = 0440000			" MEM: increment and skip if zero
	440000  
		and = 0500000			" MEM: AND
	500000  
		sad = 0540000			" MEM: skip if AC different
	540000  
		jmp = 0600000			" MEM: jump
	600000  
		nop = 0740000			" OPR: no-op
	740000  
		i = 020000			" indirect
	020000  
		law = 0760000			" OPR: load accumulator with (instr)
	760000  
		cma = 0740001			" OPR: complement AC
	740001  
		las = 0750004			" OPR: load AC from switches
	750004  
		ral = 0740010			" OPR: rotate AC left
	740010  
		rar = 0740020			" OPR: rotate AC right
	740020  
		hlt = 0740040			" OPR: halt
	740040  
		sma = 0740100			" OPR: skip on minus AC
	740100  
		sza = 0740200			" OPR: skip on zero AC
	740200  
		snl = 0740400			" OPR: skip on non-zero link
	740400  
		skp = 0741000			" OPR: skip unconditionally
	741000  
		spa = 0741100			" OPR: skip on positive AC
	741100  
		sna = 0741200			" OPR: skip on non-zero AC
	741200  
		szl = 0741400			" OPR: skip on zero link
	741400  
		rtl = 0742010			" OPR: rotate two left
	742010  
		rtr = 0742020			" OPR: rotate two right
	742020  
		cll = 0744000			" OPR: clear link
	744000  
		rcl = 0744010			" OPR: clear link, rotate left
	744010  
		rcr = 0744020			" OPR: clear link, rotate right
	744020  
		cla = 0750000			" OPR: clear AC
	750000  
		lrs = 0640500			" EAE: long right shift
	640500  
		lrss = 0660500			" EAE: long right shift, signed
	660500  
		lls = 0640600			" EAE: long left shift
	640600  
		llss = 0660600			" EAE: long left shift, signed
	660600  
		als = 0640700			" EAE: AC left shift
	640700  
		alss = 0660700			" EAE: AC left shift, signed
	660700  
		mul = 0653122			" EAE: multiply
	653122  
		idiv = 0653323			" EAE: integer divide
	653323  
		lacq = 0641002			" EAE: load AC with MQ
	641002  
		clq = 0650000			" EAE: clear MQ
	650000  
		omq = 0640002			" EAE: OR MQ into AC
	640002  
		cmq = 0640004			" EAE: complement MQ
	640004  
		lmq = 0652000			" EAE: load MQ from AC
	652000  
		dscs = 0707141			" DSK: clear status register
	707141  
		dslw = 0707124			" DSK: clear and load WC from AC
	707124  
		dslm = 0707142			" DSK: clear and load MAC from AC
	707142  
		dsld = 0707104			" DSK: clear and load TA and SA from AC
	707104  
		dsls = 0707144			" DSK: load status
	707144  
		dssf = 0707121			" DSK: skip on flags
	707121  
		dsrs = 0707132			" DSK: read status register
	707132  
		iof = 0700002			" PIC: interrupts off
	700002  
		ion = 0700042			" PIC: interrupts on
	700042  
		caf = 0703302			" CPU: clear all flags
	703302  
		clon = 0700044			" CLK: clear flag, enable
	700044  
		clsf = 0700001			" CLK: skip if overflow
	700001  
		"** 01-s1.pdf page 63
		clof = 0700004			" CLK: clear flag, disable
	700004  
		ksf = 0700301			" KBD: skip if flag set
	700301  
		krb = 0700312			" KBD: read buffer
	700312  
		tsf = 0700401			" TTY: skip if flag set
	700401  
		tcf = 0700402			" TTY: clear flag
	700402  
		tls = 0700406			" TTY: load buffer, select
	700406  
		sck = 0704301			" G-2: skip on console keyboard
	704301  
		cck = 0704304			" G-2: clear console keyboard
	704304  
		lck = 0704312			" G-2: load console keyboard
	704312  
		rsf = 0700101			" PTR: skip if flag set
	700101  
		rsa = 0700104			" PTR: select alphanumeric mode
	700104  
		rrb = 0700112			" PTR: clear flag, or read buffer
	700112  
		psf = 0700201			" PTP: skip if flag set
	700201  
		pcf = 0700202			" PTP: clear flag
	700202  
		psa = 0700204			" PTP: alphanumeric mode
	700204  
		cdf = 0700501			" G-2: clear display flags
	700501  
		lds = 0701052			" G-2: load display status
	701052  
		lda = 0701012			" G-2: load display address
	701012  
		wcga = 0704206			" G-2: ???
	704206  
		raef = 0700742			" G-2: resume after edges flag
	700742  
		rlpd = 0700723			" G-2: resume after light pen stop, disabled
	700723  
		beg = 0700547			" G-2: begin
	700547  
		spb = 0704401			" G-2: skip on push button flag
	704401  
		cpb = 0704404			" G-2: clear push button flag
	704404  
		lpb = 0704412			" G-2: load push buttons
	704412  
		wbl = 0704424			" G-2: write button lights
	704424  
		dprs = 0704752			" dataphone: read status
	704752  
		dpsf = 0704741			" dataphone: skip on flag
	704741  
		dpcf = 0704761			" dataphone: clear flag
	704761  
		dprc = 0704712			" dataphone: read character
	704712  
		crsf = 0706701			" CDR: skip if ready
	706701  
		crrb = 0706712			" CDR: read buffer
	706712  
		" S1
		.. = 0
	000000  
		t = 0
	000000  
		orig:
		   hlt				" overwritten with interrupt return addr
000000: 740040  
		   jmp pibreak			" dispatch to interrupt processing
000001: 603420  
		. = orig+7			" real time (60Hz) clock
	1000007  
		   -1				" -1 will cause "clock overflow" on next tick
000007: 777777  
						" Overflow is checked by "clsf" instr
						" in PI service (pibreak) routine,
						" reset to -1 after tick handling
						" results in an interrupt every "jiffy"
		. = orig+020			" syscall (CAL) and user "interrupt" processing
	1000020  
		   1f				" addr for "CAL I": store return here on "CAL"
000020: 000032  
		   iof				" here on CAL: interrupts off
000021: 700002  
		   dac u.ac			" save user AC
000022: 045642  
		   lac 020			" save user return addr
000023: 200020  
		   dac 1f			" save as if "CAL I"
000024: 040032  
		   lac 1f-1
000025: 200031  
		   dac 020			" restore location 20
000026: 040020  
		   lac u.ac			" restore user AC
000027: 205642  
		   jmp 1f+1			" join "CAL I" processing
000030: 600033  
		   1f				" literal to restore location 20
000031: 000032  
		1: 0				" "CAL I" PC stored here
000032: 000000  
		   iof				" interrupts off
000033: 700002  
		   dac u.ac			" save user AC in user area
000034: 045642  
		   lacq
000035: 641002  
		   dac u.mq			" save user MQ in user area
000036: 045643  
		   lac 8
000037: 200010  
		   dac u.rg			" save user auto-index location 8 in uarea
000040: 045644  
		   lac 9
000041: 200011  
		   dac u.rg+1			" save auto-index location 9 in user area
000042: 045645  
		   jms copy; 10; u.rg+2; 6	" save auto-index locations 10-15 (using 8/9!)
000043: 101700  
000044: 000012  
000045: 005646  
000046: 000006  
		   lac 1b			" load user PC
000047: 200032  
		   dac u.rg+8			" save in user area
000050: 045654  
		   -1				" load -1
000051: 777777  
		   dac .savblk			" set "save" flag (cleared by disk I/O?)
000052: 044103  
		   dac .insys			" set "in system" flag
000053: 044077  
		   lac uquant			" load user quantum (tick) count
000054: 205505  
		   jms betwen; d0; maxquant	" check if between 0 & maxquant (30 jiffies)
000055: 101654  
000056: 004127  
000057: 004111  
		      jms swap			"  no: quantum expired: swap process out
000060: 100136  
		   ion				" interrupts on
000061: 700042  
		   -1
000062: 777777  
		   tad u.rg+8			" get address of system call
000063: 345654  
		   jms laci			" load system call instruction
000064: 101646  
		   jms betwen; o20001; swn	" range check (expects CAL I!)
000065: 101654  
000066: 004172  
000067: 000256  
		      jmp badcal		" bad system call
000070: 601153  
		   tad swp			" add "jmp syscall_table_base"
000071: 340220  
		   dac .+1			" save as next instruction
000072: 040073  
		   jmp .. i			" dispatch system call
000073: 620000  
		. = orig+0100
	1000100  
		   jmp coldentry		" here to start kernel
000100: 604520  
		   jms halt
000101: 102265  
		okexit:
		   dzm u.ac			" 'OK' system call exit: clear user AC
000102: 145642  
		sysexit:			" common system call exit code
		   ion				" enable interrupts
000103: 700042  
		   lac .savblk			" load "save" flag
000104: 204103  
		   sza				" is zero (cleared by disk I/O)?
000105: 740200  
		   jmp 1f			" no: no disk I/O done?
000106: 600116  
		   jms copy; sysdata; dskbuf; 64 " copy system data to disk buffer
000107: 101700  
000110: 005553  
000111: 007700  
000112: 000100  
		   cla
000113: 750000  
		   jms dskio; 07000		" save to disk?
000114: 102173  
000115: 007000  
		1:
		   dzm .insys			" clear "in system call" flag
000116: 144077  
		   jms chkint			" pending user interrupt?
000117: 100320  
		      skp			"  no, return to user
000120: 741000  
		   jmp .save			"   yes: dump core
000121: 601156  
		   jms copy; u.rg+2; 10; 6	" restore auto-index locations 10-15 (use 8/9)
000122: 101700  
000123: 005646  
000124: 000012  
000125: 000006  
		   lac u.rg+1			" restore auto-index location 9
000126: 205645  
		   dac 9
000127: 040011  
		   lac u.rg			" restore auto-index location 8
000130: 205644  
		   dac 8
000131: 040010  
		   lac u.mq			" restore MQ register
000132: 205643  
		   lmq
000133: 652000  
		   lac u.ac			" restore AC register
000134: 205642  
		   jmp u.rg+8 i			" return to user
000135: 625654  
			" scheduler / swapper / idle loop
		swap: 0
000136: 000000  
		   ion
000137: 700042  
		1:
		   jms lookfor; 3 " out/ready
000140: 101073  
000141: 000003  
		      jmp 1f
000142: 600151  
		   jms lookfor; 1 " in/ready
000143: 101073  
000144: 000001  
		      skp
000145: 741000  
		   jmp 1b			" loop until a process becomes ready
000146: 600140  
		   dzm maxquant			" in/ready (self?): come back next tick!
000147: 144111  
		   jmp 3f
000150: 600215  
		1:				" here with out/ready process
		   dac 9f+t			" save process pointer (swapped out) in t0
000151: 044216  
		   jms lookfor; 2 " in/notready	" find a swapped in process to swap out?
000152: 101073  
000153: 000002  
		      jmp 1f
000154: 600161  
		   jms lookfor; 1 " in/ready
000155: 101073  
000156: 000001  
		      jmp 1f
000157: 600161  
		   jmp 2f
000160: 600177  
		1:
		   lac swap
000161: 200136  
		   dac u.swapret		" return to caller when swapped back
000162: 045661  
		   iof
000163: 700002  
		   lac o200000			" change status to swapped out
000164: 204201  
		   tad u.ulistp i
000165: 365660  
		   dac u.ulistp i
000166: 065660  
		   ion
000167: 700042  
		   jms dskswap; 07000		" swap process out
000170: 102300  
000171: 007000  
		   lac u.dspbuf
000172: 205723  
		   sna				" process using display??
000173: 741200  
		   jmp 2f			"  no
000174: 600177  
		   law dspbuf			" reset to default display buffer
000175: 764457  
		   jms movdsp
000176: 102626  
		2:
		   iof				" disable interrupts
000177: 700002  
		   lac o600000			" change status (1->7?????)
000200: 204207  
		   tad 9f+t i
000201: 364216  
		   dac 9f+t i
000202: 064216  
		   ion				" enable interrupts
000203: 700042  
		   jms dskswap; 06000		" read process in?
000204: 102300  
000205: 006000  
		   lac u.swapret		" set our return addr
000206: 205661  
		   dac swap			" to saved return addr
000207: 040136  
		   lac o20			" reset maxquant to 16 ticks (149.333ms)
000210: 204145  
		   dac maxquant
000211: 044111  
		   lac u.dspbuf
000212: 205723  
		   sza				" using display?
000213: 740200  
		"** 01-s1.pdf page 4
		   jms movdsp			"  yes. switch to user display bufferx
000214: 102626  
		3:
		   dzm uquant			" reset process tick count
000215: 145505  
		   iof
000216: 700002  
		   jmp swap i			" return
000217: 620136  
		t = t+1
	000001  
		swp:			" system call dispatch table
		   jmp .		" base instruction
000220: 600220  
		   .save; .getuid; .open; .read; .write; .creat; .seek; .tell
000221: 001156  
000222: 000433  
000223: 000633  
000224: 000731  
000225: 001000  
000226: 000665  
000227: 000436  
000230: 000466  
		   .close; .link; .unlink; .setuid; .rename; .exit; .time; .intrp
000231: 000725  
000232: 000474  
000233: 000547  
000234: 000566  
000235: 000574  
000236: 001170  
000237: 000615  
000240: 000257  
		   .chdir; .chmod; .chown; badcal; .sysloc; badcal; .capt; .rele
000241: 000622  
000242: 000414  
000243: 000426  
000244: 001153  
000245: 000262  
000246: 001153  
000247: 000404  
000250: 000410  
		   .status; badcal; .smes; .rmes; .fork
000251: 000352  
000252: 001153  
000253: 001232  
000254: 001204  
000255: 001116  
		swn:
		   .-swp-1 i		" last system call number: "CAL I n"
000256: 020035  
			" AC/ new value for intflg (non-zero to ignore interrupt char)
			"   sys intrp
		.intrp:
		   lac u.ac
000257: 205642  
		   dac u.intflg
000260: 045724  
		   jmp okexit
000261: 600102  
			" syscall to retrieve system addresses (data & routines!!)
			" AC/ index (1..17)
			"   sys sysloc
			" AC/ address (or -1 on bad index)
		.sysloc:
		   lac u.ac
000262: 205642  
		   and o17777
000263: 504171  
		   jms betwen; d1; locn
000264: 101654  
000265: 004130  
000266: 000317  
		      jms error
000267: 101542  
		   tad locsw
000270: 340275  
		   dac .+1
000271: 040272  
		   lac ..
000272: 200000  
		   dac u.ac
000273: 045642  
		   jmp sysexit
000274: 600103  
		locsw:			" table of system addresses for sysloc
		   lac .
000275: 200275  
		   iget; inode; userdata; sysdata; copy; copyz; betwen; dskrd
000276: 003030  
000277: 005743  
000300: 005642  
000301: 005553  
000302: 001700  
000303: 001723  
000304: 001654  
000305: 002127  
		   dskwr; dskbuf; dpdata; namei; pbsflgs; alloc; free; dspdata
000306: 002157  
000307: 007700  
000310: 005543  
000311: 002750  
000312: 005507  
000313: 001556  
000314: 001615  
000315: 005547  
		   crdata
000316: 005551  
		locn:
		   .-locsw-1
000317: 000021  
			" check if "interrupt" for current process
			" checks .int1 and .int2 (contain i-number of interrupt source)
			" compared against process stdin
			"
			" call:
			" .insys/ 0
			"   jms chkint
			"    <already ".insys", no interrupt, or intflg set (ignore interrupt)>
			"   <found user interrupt: PI off, .insys set>
		chkint: 0
000320: 000000  
		   lac .insys
000321: 204077  
		   sza				" in system?
000322: 740200  
		   jmp chkint i			"  yes: return
000323: 620320  
		   lac .int1			" get inumber of interrupt1 source?
000324: 204100  
		   sna				" zero?
000325: 741200  
		   jmp 1f			"  yes: skip stdin check
000326: 600331  
		   sad u.ofiles+2		" non-zero: compare to stdin inumber
000327: 545667  
		   jmp 2f			"  same
000330: 600341  
		1:
		   lac .int2			" get inum of interrupt 2 source?
000331: 204101  
		   sna				" zero?
000332: 741200  
		   jmp chkint i			"  yes: return
000333: 620320  
		   sad u.ofiles+2		" non-zero: compare to stdin inumber
000334: 545667  
		   skp				"  match!
000335: 741000  
		   jmp chkint i			"   no match: return
000336: 620320  
		   dzm .int2			" clear int2 source
000337: 144101  
		   jmp 1f
000340: 600342  
		2:
		   dzm .int1			" clear int1 source
000341: 144100  
		1:
		"** 01-s1.pdf page 5
		   lac u.intflg			" get user intflg
000342: 205724  
		   sza				" zero?
000343: 740200  
		   jmp chkint i			"  no: ignore
000344: 620320  
		   -1
000345: 777777  
		   dac .insys			" set "in system" flag
000346: 044077  
		   ion				" enable interrupts
000347: 700042  
		   isz chkint			" give skip return
000350: 440320  
		   jmp chkint i
000351: 620320  
		"** 01-s1.pdf page 7
		" s2
			" file status (stat) system call
			" AC/ pointer to status (inode) buffer + i-num (13 words)
			"   sys status; dir_name_ptr; file_name_ptr
			"   NO_DD version: sys status; file_name_ptr
		.status:
		   jms arg			" fetch directory name pointer
000352: 102636  
		   dac .+5
000353: 040360  
		   jms arg			" fetch file name pointer
000354: 102636  
		   dac .+6
000355: 040363  
		   lac u.cdir			" get current working directory
000356: 205657  
		   jms namei; ..		" look up source directory
000357: 102750  
000360: 000000  
		      jms error			"  not found: return error to user
000361: 101542  
		   jms namei; ..		" look up file
000362: 102750  
000363: 000000  
		      jms error			"  not found: return error
000364: 101542  
		   jms iget			" read file inode
000365: 103030  
		   lac u.ac			" get user buffer pointer
000366: 205642  
		   and o17777			" truncate to 13 bits
000367: 504171  
		   jms betwen; o10000; o17762	" is user memory (but not last 14 wds)?
000370: 101654  
000371: 004167  
000372: 004170  
		      jms error			"  no: error
000373: 101542  
		   dac .+3			" save as copy destination
000374: 040377  
		   jms copy; inode; ..; 12	" copy inode to user buffer
000375: 101700  
000376: 005743  
000377: 000000  
000400: 000014  
		   lac d.i			" copy i-num from last dnode read ??
000401: 205760  
		   dac 9 i			" save thru index 9 (pre-increment) ??
000402: 060011  
		   jmp okexit
000403: 600102  
			" capture display?
		.capt:
		   lac u.ac			" get user AC
000404: 205642  
		   dac u.dspbuf			" save as user display buffer
000405: 045723  
		   jms movdsp			" switch to user display buffer
000406: 102626  
		   jmp sysexit
000407: 600103  
			" release display?
		.rele:
		   dzm u.dspbuf			" clear user display buffer pointer
000410: 145723  
		   law dspbuf			" get default display buffer
000411: 764457  
		   jms movdsp			" change to it
000412: 102626  
		   jmp sysexit
000413: 600103  
		.chmod:
		   jms isown			" check if user owns file arg
000414: 102675  
		   lac u.ac			" get new permissions
000415: 205642  
		   and o17			" mask to read/write bits
000416: 504144  
		   lmq				" save in MQ
000417: 652000  
		   lac i.flags			" get file flags
000420: 205743  
		   and o777760			" clear permissions
000421: 504213  
		   omq				" or in new permissions from MQ
000422: 640002  
		   dac i.flags			" save in inode
000423: 045743  
		   jms iput			" write inode back
000424: 103057  
		   jmp okexit
000425: 600102  
		.chown:
		   jms isown			" check if user owns file arg
000426: 102675  
		   lac u.ac			" get new owner
000427: 205642  
		   dac i.uid			" save in inode
000430: 045753  
		   jms iput			" write inode back
000431: 103057  
		   jmp okexit
000432: 600102  
		.getuid:			" getuid system call
		   lac u.uid
000433: 205655  
		   dac u.ac			" return u.uid in user AC
000434: 045642  
		   jmp sysexit
000435: 600103  
		.seek:
		   jms seektell			" fetch offset & whence (return seek base)
000436: 102656  
		   tad u.base			" add offset
000437: 345662  
		"** 01-s1.pdf page 8
		   spa				" positive?
000440: 741100  
		   jms error			"  no: error
000441: 101542  
		   lmq				" save position in MQ
000442: 652000  
		   lac f.flags			" get file flags
000443: 205770  
		   and d1			" get write bit
000444: 504130  
		   sna				" open for write?
000445: 741200  
		   jmp 1f			"  no
000446: 600455  
		   lacq				" yes: get position
000447: 641002  
		   jms betwen; d0; i.size	" between zero and size?
000450: 101654  
000451: 004127  
000452: 005755  
		      jms dacisize		"  no: store new size
000453: 103413  
		   jmp 2f
000454: 600462  
		1:
		   lacq				" reading: get position
000455: 641002  
		   jms betwen; d0; i.size	" between zero and size?
000456: 101654  
000457: 004127  
000460: 005755  
		      lac i.size		"  no: get current size
000461: 205755  
		2:
		   dac f.badd			" save as offset
000462: 045771  
		   dac u.ac			" return in AC
000463: 045642  
		   jms fput			" copy fnode back to user area
000464: 102413  
		   jmp sysexit			" return to user
000465: 600103  
		.tell:
		   jms seektell			" fetch offset & whence (return seek base)
000466: 102656  
		   cma
000467: 740001  
		   tad d1			" negate base
000470: 344130  
		   tad u.base			" add to user offset
000471: 345662  
		   dac u.ac			" return in user AC
000472: 045642  
		   jmp sysexit
000473: 600103  
		.link:
		   jms arg			" Save the argument pointers in
000474: 102636  
		   dac 0f			"0f, 1f and 2f
000475: 040504  
		   jms arg
000476: 102636  
		   dac 1f
000477: 040507  
		   jms arg
000500: 102636  
		   dac 2f
000501: 040513  
		   lac d4			" Search the directory at i-num 4
000502: 204133  
		   jms namei; 0:0		" for the first argument
000503: 102750  
000504: 000000  
		      jms error			" Didn't find it
000505: 101542  
		   jms namei; 1:0		" In the i-num found by 1st namei,
000506: 102750  
000507: 000000  
		      jms error			" search for 2nd argument, err not found
000510: 101542  
		   dac u.base			" save in user data
000511: 045662  
		   jms copy; 2:0; name; 4
000512: 101700  
000513: 000000  
000514: 005515  
000515: 000004  
		   lac u.cdir			" Search the process' current directory
000516: 205657  
		   jms namei; name		" for the third argument
000517: 102750  
000520: 005515  
		      skp
000521: 741000  
		   jms error			" Error if it already exists
000522: 101542  
		   lac d1
000523: 204130  
		   dac mode			" Save mode bits for access
000524: 045511  
		   jms access			" check access (or return error to user)
000525: 102323  
		   jms dslot			" allocate directory slot
000526: 102474  
		   lac u.base			" get source file i-number
000527: 205662  
		   jms iget			" read inode in
000530: 103030  
		   lac ii			" get the i-num
000531: 205742  
		   dac d.i			" Save the i-num in the directory entry
000532: 045760  
		   jms copy; name; d.name; 4	" Copy the new link name into the directory entry
000533: 101700  
000534: 005515  
000535: 005761  
000536: 000004  
		   lac i.uniq			" Copy the i-node unique number into
000537: 205756  
		   dac d.uniq			" the directory entry
000540: 045765  
		   -1
000541: 777777  
		   tad i.nlks			" Decrement link count, i.e. one more link
000542: 345754  
		   dac i.nlks
000543: 045754  
		"** 01-s1.pdf page 9
		   jms iput			" Save the i-node and directory entry for
000544: 103057  
		   jms dput			" the new link
000545: 103147  
		   jmp okexit			" and return OK
000546: 600102  
		.unlink:
		   jms argname			" fetch filename, inode
000547: 102642  
		   dac u.base			" save i-number
000550: 045662  
		   lac d1			" write mode bit
000551: 204130  
		   dac mode			" save for access call
000552: 045511  
		   jms access			" check access or return error (reads inode)
000553: 102323  
		   dzm d.i			" clear directory i-num
000554: 145760  
		   jms dput			" write directory entry back
000555: 103147  
		   lac u.base			" get i-number back
000556: 205662  
		   jms iget			" read inode back
000557: 103030  
		   isz i.nlks			" increment link count (kept as negative count)
000560: 445754  
		   jmp 1f			"  not zero
000561: 600564  
		   jms itrunc			" zero links: free blocks
000562: 102706  
		   dzm i.flags			" clear status (free inode)
000563: 145743  
		1:
		   jms iput			" write inode back to disk
000564: 103057  
		   jmp sysexit
000565: 600103  
		.setuid:			" setuid system call
		   lac u.uid			" load current user id
000566: 205655  
		   sma				" negative (super user)
000567: 740100  
		   jms error			"  no: error!!
000570: 101542  
		   lac u.ac			" load user AC
000571: 205642  
		   dac u.uid			" save as new uid
000572: 045655  
		   jmp sysexit
000573: 600103  
			" rename system call:
			"   sys rename; old_name_ptr; new_name_ptr
			" Questions:
			"   when is directory entry read??
			"   is access check on directory or src file??
			"   check for existing file with new name??
			"   when is directory entry written back??
		.rename:
		   jms arg			" fetch first arg (old name pointer)
000574: 102636  
		   dac 0f			" save for namei
000575: 040602  
		   jms arg			" fetch second arg (new name pointer)
000576: 102636  
		   dac 1f			" save for copy
000577: 040610  
		   lac u.cdir			" get CWD
000600: 205657  
		   jms namei; 0:0		" search for (old) name
000601: 102750  
000602: 000000  
		      jms error			"  not found: return error
000603: 101542  
		   lac d1			" get write mode bit
000604: 204130  
		   dac mode			" save for access call
000605: 045511  
		   jms access			" access OK? (or return error to user)
000606: 102323  
		   jms copy; 1:0; d.name; 4	" copy new name into directory entry
000607: 101700  
000610: 000000  
000611: 005761  
000612: 000004  
		   jms dput			" and write it to disk
000613: 103147  
		   jmp okexit
000614: 600102  
			" time system call returns line (mains) frequency ticks
			" high order bits returned in AC, low order in MQ
			" s.tim is located in "system" block (written to disk)
			" so this is a running count of uptime since first boot!
			" at 60Hz, 36 bits would last 36+ years!
		.time:
		   lac s.tim			" load high order bits
000615: 205570  
		   dac u.ac			" return in AC
000616: 045642  
		   lac s.tim+1			" load low order bits
000617: 205571  
		   dac u.mq			" return in MQ
000620: 045643  
		   jmp sysexit
000621: 600103  
		.chdir:
		   jms argname			" fetch argument as filename
000622: 102642  
		   jms iget			" (re)read inode(???)
000623: 103030  
		   lac i.flags			" get flags
000624: 205743  
		   and o20			" get directory bit
000625: 504145  
		   sna				" is a directory?
000626: 741200  
		   jms error			"  no: return error to user
000627: 101542  
		   lac ii			" yes: get i-number
000630: 205742  
		   dac u.cdir			" save as current working directory
000631: 045657  
		"** 01-s1.pdf page 10
		   jmp okexit
000632: 600102  
			" open system call
			"   sys open; filename_ptr; flags (0 for read, 1 for write)
			" returns w/ "fd" in AC (or -1 if not found)
		.open:
		   jms arg			" get filename
000633: 102636  
		   dac 0f			" save for namei
000634: 040645  
		   jms arg			" get flags
000635: 102636  
		   sza				" zero (read)
000636: 740200  
		   lac d1			"  no: get write mode bit
000637: 204130  
		   sna				" non-zero (write)?
000640: 741200  
		   lac d2			"  no: get read mode bit
000641: 204131  
		   dac mode			" save for access call
000642: 045511  
		   lac u.cdir			" get current working directory
000643: 205657  
		   jms namei; 0:0		" search for file
000644: 102750  
000645: 000000  
		      jms error			" error: return -1
000646: 101542  
		   jms iget			" load inode
000647: 103030  
		   jms access			" check access (may return w/ error to user)
000650: 102323  
		   lac i.flags			" get file flags
000651: 205743  
		   and o20			" get directory bit
000652: 504145  
		   sna				" is directory?
000653: 741200  
		   jmp open1			"  no, join common code
000654: 600722  
		   lac mode			" get access mode
000655: 205511  
		   and d1			" get write bit
000656: 504130  
		   sna				" write access?
000657: 741200  
		   jmp open1			"  no, continue
000660: 600722  
		   lac u.uid			" yes: get uid?
000661: 205655  
		   sma				" negative? (-1 is superuser)
000662: 740100  
		   jms error			"  no: return error
000663: 101542  
		   jmp open1			" yes: join common code
000664: 600722  
		.creat:
		   lac d1			" mode bit 1 (write)
000665: 204130  
		   dac mode			" save for access call
000666: 045511  
		   jms arg			" get name pointer
000667: 102636  
		   dac .+2			" save for copy
000670: 040672  
		   jms copy; ..; name; 4	" copy filename to "name"
000671: 101700  
000672: 000000  
000673: 005515  
000674: 000004  
		   lac u.cdir
000675: 205657  
		   jms namei; name		" look up in current working directory
000676: 102750  
000677: 005515  
		      jmp 1f			"  not found
000700: 600716  
		   jms iget			" file exists: read inode
000701: 103030  
		   jms access			" check access (or return error to user)
000702: 102323  
		   lac i.flags			" get flags
000703: 205743  
		   and o20			" get directory bit
000704: 504145  
		   sna				" is a directory?
000705: 741200  
		   jmp .+4			"  no: skip to truncate
000706: 600712  
		   lac u.uid			" get user
000707: 205655  
		   sma				" is super user?
000710: 740100  
		   jms error			"  no: error
000711: 101542  
		   jms itrunc			" yes: truncate
000712: 102706  
		   cla
000713: 750000  
		   jms dacisize			" clear i.size
000714: 103413  
		   jmp open1
000715: 600722  
		1:
		   jms access			" here if not found
000716: 102323  
		   lac u.ac			" get access bits from user AC (zero for lock!)
000717: 205642  
		   and o17			" mask to permissions
000720: 504144  
		   jms icreat
000721: 102506  
		open1:				" common exit for open/creat
		   jms fassign			" assign fd slot
000722: 102340  
		      jms error			"  none free, return -1
000723: 101542  
		   jmp sysexit
000724: 600103  
		"** 01-s1.pdf page 11
		.close:
		   jms finac			" get fnode (open file) for fd in user AC
000725: 103401  
		   dzm f.flags			" clear flags
000726: 145770  
		   jms fput			" write fnode back to u.ofiles
000727: 102413  
		   jmp sysexit
000730: 600103  
		.read:
		   jms arg			" get argument
000731: 102636  
		   and o17777			" mask to address
000732: 504171  
		   dac u.base			" save as I/O base
000733: 045662  
		   jms arg			" get second argument
000734: 102636  
		   dac u.count			" save as count
000735: 045663  
		   lac u.base			" get base
000736: 205662  
		   jms betwen; o10000; o17777	" end inside user memory?
000737: 101654  
000740: 004167  
000741: 004171  
		      jms error			"  no: error
000742: 101542  
		   tad u.count			" get end of buffer
000743: 345663  
		   jms betwen; u.base; o17777	" inside buffer/user memory?
000744: 101654  
000745: 005662  
000746: 004171  
		      jms error			"  no: error
000747: 101542  
		   dac u.limit			" yes: save as I/O limit
000750: 045664  
		1:
		   jms finac			" get fnode for fd in user AC
000751: 103401  
		   lac f.flags			" get open file flags
000752: 205770  
		   and d1			" get write bit
000753: 504130  
		   sza				" open for write?
000754: 740200  
		   jms error			"  yes: error
000755: 101542  
		   lac i.flags			" get inode flags
000756: 205743  
		   and o40			" get special file bit
000757: 504147  
		   sna				" special?
000760: 741200  
		   jmp 1f			"  no
000761: 600767  
		   iof				" yes: disable interrupts
000762: 700002  
		   lac ii			" get i number
000763: 205742  
		   tad swr			" add to base (indirect jmp)
000764: 341331  
		   dac .+1
000765: 040766  
		   jmp .. i			" dispatch to read routine
000766: 620000  
		1:
		   lac u.base			" get user base
000767: 205662  
		   dac 1f+1			" save as iread base
000770: 040775  
		   lac u.count			" get user count
000771: 205663  
		   dac 1f+2			" save as iread count
000772: 040776  
		   lac f.badd			" get file offset
000773: 205771  
		1:
		   jms iread; ..; ..
000774: 103277  
000775: 000000  
000776: 000000  
		   jmp exitrw
000777: 601041  
			" write system call:
			" AC/ fd
			"   sys write; buffer; count
			" AC/ count or -1 on error
		.write:
		   jms arg			" pick up buffer
001000: 102636  
		   and o17777			" mask to addr
001001: 504171  
		   dac u.base			" save as I/O base
001002: 045662  
		   jms arg			" pick up count
001003: 102636  
		   dac u.count			" save as count
001004: 045663  
		   tad u.base			" add base (get limit)
001005: 345662  
		   jms betwen; u.base; o17777	" check between base and end of memory
001006: 101654  
001007: 005662  
001010: 004171  
		      jms error			"  no: error
001011: 101542  
		   dac u.limit			" yes: save as limit
001012: 045664  
		   jms finac			" get fnode with fd from user AC
001013: 103401  
		   lac f.flags			" get open file table flags
001014: 205770  
		   and d1			" open for write?
001015: 504130  
		   sna				" if yes, skip
001016: 741200  
		   jms error			"   no: error
001017: 101542  
		   lac i.flags			" get inode flags
001020: 205743  
		   and o40			" get device bit
001021: 504147  
		"** 01-s1.pdf page 12
		   sna				" special?
001022: 741200  
		   jmp 1f			"  no
001023: 601031  
		   iof				" yes, special: turn interrupts off
001024: 700002  
		   lac ii			" get i number
001025: 205742  
		   tad sww			" add to indirect jmp
001026: 341331  
		   dac .+1
001027: 041030  
		   jmp .. i			" dispatch to write routine
001030: 620000  
		1:				" here with regular file
		   lac u.base			" get base
001031: 205662  
		   dac 1f+1			" save as iwrite arg 1
001032: 041037  
		   lac u.count			" get count
001033: 205663  
		   dac 1f+2			" save as iwrite arg 2
001034: 041040  
		   lac f.badd			" get fd offset
001035: 205771  
		1:
		   jms iwrite; ..; ..		" write to file
001036: 103270  
001037: 000000  
001040: 000000  
		exitrw:				" common exit for read/write system calls
		   dac u.ac			" save return in user AC
001041: 045642  
		   tad f.badd
001042: 345771  
		   dac f.badd			" update file offset
001043: 045771  
		   jms iput			" release inode
001044: 103057  
		   jms fput			" release fnode
001045: 102413  
		   jmp sysexit			" return to user
001046: 600103  
		"** 01-s1.pdf page 14
		" s3
			" search for user (process) table entry
			" call:
			"   jms searchu; worker_routine_addr
			" worker called with copy of a process table entry in "lu"
			"	can return directly (from caller of searchu)
			"	index location 8 points to next process table entry
		searchu: 0
001047: 000000  
		   lac searchu i		" fetch worker routine
001050: 221047  
		   dac 9f+t+1			" save in t1
001051: 044220  
		   -mnproc			" loop counter
001052: 777766  
		   dac 9f+t			" in t0
001053: 044217  
		   law ulist-1			" ulist ptr
001054: 765571  
		   dac 8			" in index 8
001055: 040010  
		1:
		   lac 8 i			" copy ulist entry to lu
001056: 220010  
		   dac lu
001057: 045525  
		   lac 8 i
001060: 220010  
		   dac lu+1
001061: 045526  
		   lac 8 i
001062: 220010  
		   dac lu+2
001063: 045527  
		   lac 8 i
001064: 220010  
		   dac lu+3
001065: 045530  
		   jms 9f+t+1 i			" call argument as subroutine
001066: 124220  
		   isz 9f+t			" returned: loop done?
001067: 444217  
		   jmp 1b			"  no, do it again
001070: 601056  
		   isz searchu			" skip argument
001071: 441047  
		   jmp searchu i
001072: 621047  
		t = t+2
	000003  
			" look for a process with matching status
			"   jms lookfor; status
			"    found: ulist ptr in AC
			"   not found
		lookfor: 0
001073: 000000  
		   jms searchu; 1f
001074: 101047  
001075: 001101  
		   isz lookfor			" skip argument
001076: 441073  
		   isz lookfor			" give skip return
001077: 441073  
		   jmp lookfor i
001100: 621073  
		1: 0				" worker called by searchu
001101: 000000  
		   lac lu
001102: 205525  
		   rtl; rtl; and o7		" bits 0:2 of lu
001103: 742010  
001104: 742010  
001105: 504136  
		   sad lookfor i		" match argument?
001106: 561073  
		   skp				"  yes
001107: 741000  
		   jmp 1b i			"   no, return, keep going
001110: 621101  
		   -3
001111: 777775  
		   tad 8			" roll index 8 back to this entry
001112: 340010  
		   and o17777
001113: 504171  
		   isz lookfor			" skip lookfor argument
001114: 441073  
		   jmp lookfor i		" non-skip return
001115: 621073  
			" fork system call:
			"   sys fork
			"    return at +1 in parent, child pid in AC
			"   return at +2 in child, parent pid in AC
		.fork:
		   jms lookfor; 0 " not-used	" find an unused process slot
001116: 101073  
001117: 000000  
		      skp
001120: 741000  
		      jms error			" none found- return error
001121: 101542  
		   dac 9f+t			" save ulist ptr in t0
001122: 044221  
		   isz uniqpid			" generate new pid
001123: 445524  
		   lac uniqpid
001124: 205524  
		   dac u.ac			" return in child pid in AC
001125: 045642  
		   law sysexit
001126: 760103  
		   dac u.swapret		" return from system call when swapped back in
001127: 045661  
		   lac o200000			" change process status to out/ready (1->3)
001130: 204201  
		   tad u.ulistp i
001131: 365660  
		   dac u.ulistp i
001132: 065660  
		   jms dskswap; 07000		" swap parent out
001133: 102300  
001134: 007000  
		   lac 9f+t			" get unused ulist slot back
001135: 204221  
		   dac u.ulistp			" set ulist pointer
001136: 045660  
		   lac o100000			" mark child in/notready? (3->2)
001137: 204177  
		   xor u.ulistp i
001140: 265660  
		   dac u.ulistp i
001141: 065660  
		   lac u.pid			" get old (parent) pid
001142: 205656  
		"** 01-s1.pdf page 15
		   dac u.ac			" return parent pid in AC
001143: 045642  
		   lac uniqpid
001144: 205524  
		   dac u.pid			" set child pid
001145: 045656  
		   isz 9f+t			" advance to second word in process table
001146: 444221  
		   dac 9f+t i			" set pid in process table
001147: 064221  
		   isz u.rg+8			" give skip return
001150: 445654  
		   dzm u.intflg			" clear int flag
001151: 145724  
		   jmp sysexit			" return in child process
001152: 600103  
		t = t+1
	000004  
		badcal:				" bad (unimplemented) system call
		   clon				" clear any pending clock interrupt?
001153: 700044  
		   -1
001154: 777777  
		   dac 7			" ask for new interrupt on next tick
001155: 040007  
			" fall into "save" system call
			" Ken says save files could be resumed, and used for checkpointing!
		.save:				" "sys save" system call
		   lac d1			" get inode 1 (core file)
001156: 204130  
		   jms iget			" load inode
001157: 103030  
		   cla
001160: 750000  
		   jms iwrite; 4096; 4096	" dump core
001161: 103270  
001162: 010000  
001163: 010000  
		   jms iwrite; userdata; 64	" and user area
001164: 103270  
001165: 005642  
001166: 000100  
		   jms iput			" write inode
001167: 103057  
		.exit:
		   lac u.dspbuf
001170: 205723  
		   sna				" process using display?
001171: 741200  
		   jmp .+3			"  no
001172: 601175  
		   law dspbuf			"   yes: get default display buffer
001173: 764457  
		   jms movdsp			"   move display
001174: 102626  
		   jms awake			" wake waiting smes (will try & fail)
001175: 101311  
		   lac u.ulistp i
001176: 225660  
		   and o77777			" mark process table entry free
001177: 504176  
		   dac u.ulistp i
001200: 065660  
		   isz u.ulistp
001201: 445660  
		   dzm u.ulistp i		" clear pid in process table
001202: 165660  
		   jms swap			" find a new process to run
001203: 100136  
			" exit falls into "rmes" !!!
			" rmes system call
			"   sys smes
			" AC/ sending pid
			" MQ/ message
		.rmes:
		   jms awake			" wake anyone waiting to send to us
001204: 101311  
		   lac o100000			" mark this process "not ready"
001205: 204177  
		   tad u.ulistp i		" by incrementing status
001206: 365660  
		   dac u.ulistp i
001207: 065660  
		   law 2
001210: 760002  
		   tad u.ulistp
001211: 345660  
		   dac 9f+t			" pointer to msg status in proc table
001212: 044222  
		   -1
001213: 777777  
		   dac 9f+t i			" set to -1 (waiting for message)
001214: 064222  
		   jms swap			" swap out
001215: 100136  
		   law 2			" here when ready (with message)
001216: 760002  
		   tad u.ulistp
001217: 345660  
		   dac 9f+t
001220: 044222  
		   lac 9f+t i			" get msg status word
001221: 224222  
		   cma				" complement (get sender pid)
001222: 740001  
		   dac u.ac			" return in user AC
001223: 045642  
		   dzm 9f+t i			" clear status word
001224: 164222  
		   isz 9f+t			" point to message
001225: 444222  
		   lac 9f+t i			" get message
001226: 224222  
		   dac u.mq			" return in user MQ
001227: 045643  
		   dzm 9f+t i			" clear message
001230: 164222  
		   jmp sysexit
001231: 600103  
		t = t+1
	000005  
		"** 01-s1.pdf page 16
			" smes system call
			" AC/ pid
			" MQ/ message
			"   sys smes
			" returns with message delivered, or error if process does not exist
		.smes:
		   lac u.ac			" get pid from user AC
001232: 205642  
		   sna spa			" non-zero?
001233: 741300  
		   jms error			"  no: error
001234: 101542  
		   jms searchu; 1f		" search for process
001235: 101047  
001236: 001244  
		   law 2
001237: 760002  
		   tad u.ulistp
001240: 345660  
		   dac 9f+t
001241: 044223  
		   dzm 9f+t i			" clear ulist 3rd word (not waiting)
001242: 164223  
		   jms error
001243: 101542  
		1: 0				" worker routine for searchu
001244: 000000  
		   lac lu+1			" get process pid
001245: 205526  
		   sad u.ac			" match?
001246: 545642  
		   skp				"  yes
001247: 741000  
		   jmp 1b i			"   no: return to searchu
001250: 621244  
		   lac lu+2			" get dest process mailbox status
001251: 205527  
		   sad dm1			" -1?
001252: 544215  
		   jmp 1f			"  yes: process in rmes: ok to send
001253: 601272  
		   lac o100000			" no: bump our process status (to notready)
001254: 204177  
		   tad u.ulistp i
001255: 365660  
		   dac u.ulistp i
001256: 065660  
		   law 2
001257: 760002  
		   tad u.ulistp
001260: 345660  
		   dac 9f+t
001261: 044223  
		   lac u.ac			" get dest pid
001262: 205642  
		   dac 9f+t i			" save in 3rd word of our ulist entry
001263: 064223  
		   jms swap			" go to sleep
001264: 100136  
		   law 2			" here when ready (swapped back in)
001265: 760002  
		   tad u.ulistp
001266: 345660  
		   dac 9f+t
001267: 044223  
		   dzm 9f+t i			" clear 3rd word of our ulist entry
001270: 164223  
		   jmp .smes			" restart smes (will fail if process gone)
001271: 601232  
		1:				" dest process found, and in rmes call
		   -3
001272: 777775  
		   tad 8
001273: 340010  
		   dac 9f+t			" pointer to dest process ulist entry word 0
001274: 044223  
		   lac o700000			" decrement dest process status: marks ready
001275: 204211  
		   tad 9f+t i
001276: 364223  
		   dac 9f+t i
001277: 064223  
		   isz 9f+t
001300: 444223  
		   isz 9f+t			" point to message status
001301: 444223  
		   lac u.pid			" get our pid
001302: 205656  
		   cma				" complement
001303: 740001  
		   dac 9f+t i			" store in dest process status
001304: 064223  
		   isz 9f+t			" advance to next word
001305: 444223  
		   lac u.mq			" get user MQ
001306: 205643  
		   dac 9f+t i			" save as dest process message
001307: 064223  
		   jmp okexit
001310: 600102  
		t = t+1
	000006  
			" wake up all processes hanging on smes to current process
			" called on process exit and rmes system call
		awake: 0
001311: 000000  
		   jms searchu; 1f
001312: 101047  
001313: 001315  
		   jmp awake i
001314: 621311  
		1: 0				" searchu worker
001315: 000000  
		   lac u.pid			" get caller pid
001316: 205656  
		   sad lu+2			" waiting to send to us?
001317: 545527  
		   skp				"  yes
001320: 741000  
		   jmp 1b i			"   no, return to searchu
001321: 621315  
		   -3
001322: 777775  
		   tad 8			" get pointer to process table entry
001323: 340010  
		   dac 9f+t			" save in t0
001324: 044224  
		"** 01-s1.pdf page 17
		   lac o700000			" decrement process status (mark ready)
001325: 204211  
		   tad 9f+t i
001326: 364224  
		   dac 9f+t i
001327: 064224  
		   jmp 1b i			" return from worker
001330: 621315  
		t = t+1
	000007  
			" device read/write switch
		swr:
		sww:
		   jmp .-4 i			" added to special device i-number
001331: 621325  
		   .halt; rttyi; rkbdi; rppti; .halt
001332: 001343  
001333: 001344  
001334: 001415  
001335: 001472  
001336: 001343  
		   .halt; wttyo; wdspo; wppto
001337: 001343  
001340: 001364  
001341: 001462  
001342: 001506  
		.halt: jms halt
001343: 102265  
			" read routine (upper half) for ttyin special file
		rttyi:
		   jms chkint1
001344: 101546  
		   lac d1		" ** written d3 ttyin2
001345: 204130  
		   jms getchar
001346: 101756  
		      jmp 1f
001347: 601360  
		   and o177
001350: 504160  
		   jms betwen; o101; o132	" upper case?
001351: 101654  
001352: 004152  
001353: 004154  
		      skp			"  no
001354: 741000  
		   tad o40			"   yes: convert to lower
001355: 344147  
		   alss 9
001356: 660711  
		   jmp passone
001357: 601534  
		1:
		   jms sleep; sfiles+0
001360: 102445  
001361: 005531  
		   jms swap
001362: 100136  
		   jmp rttyi
001363: 601344  
			" write (upper half) routine for ttyout special file
		wttyo:
		   jms chkint1
001364: 101546  
		   jms forall
001365: 102423  
		   sna				" jmp fallr "returns" here
001366: 741200  
		   jmp fallr
001367: 602436  
		   lmq				" save char in MQ
001370: 652000  
		   lac sfiles+1			" get sleep word
001371: 205532  
		   spa				" check if device busy
001372: 741100  
		   jmp 1f			"  yes
001373: 601403  
		   xor o400000			" mark as busy
001374: 244204  
		   dac sfiles+1
001375: 045532  
		   lacq				" get saved char
001376: 641002  
		   tls				" load output buffer
001377: 700406  
		   sad o12			" newline?
001400: 544141  
		   jms putcr			"  yes, put CR as well
001401: 104025  
		   jmp fallr
001402: 602436  
		1:
		   lacq				" get saved char
001403: 641002  
		   dac char
001404: 045522  
		   lac d2	"** written: d6 ttyout
001405: 204131  
		   jms putchar
001406: 101741  
		      skp
001407: 741000  
		   jmp fallr
001410: 602436  
		   jms sleep; sfiles+1
001411: 102445  
001412: 005532  
		   jms swap
001413: 100136  
		   jmp wttyo
001414: 601364  
			" read routine (upper half) for (display) "keyboard" special file
		rkbdi:
		   jms chkint1
001415: 101546  
		   lac d3
001416: 204132  
		   jms getchar
001417: 101756  
		"** 01-s1.pdf page 18
		      jmp 3f
001420: 601456  
		   lmq
001421: 652000  
		   and o155
001422: 504157  
		   sad o55
001423: 544150  
		   jmp 1f			" -/=? map to =?-/ ???
001424: 601436  
		   lacq
001425: 641002  
		   and o137
001426: 504156  
		   sad o134
001427: 544155  
		   skp				" \| map to Ll ???
001430: 741000  
		   jmp 2f
001431: 601441  
		   lacq
001432: 641002  
		   xor o40
001433: 244147  
		   lmq
001434: 652000  
		   jmp 2f
001435: 601441  
		1:
		   lacq
001436: 641002  
		   xor o20
001437: 244145  
		   lmq
001440: 652000  
		2:
		   lacq
001441: 641002  
		   dac u.limit
001442: 045664  
		1:
		   jms chkint1
001443: 101546  
		   lac u.limit
001444: 205664  
		   jms dspput
001445: 102551  
		      jmp 1f
001446: 601453  
		   jms sleep; sfiles+6
001447: 102445  
001450: 005537  
		   jms swap
001451: 100136  
		   jmp 1b
001452: 601443  
		1:
		   lac u.limit
001453: 205664  
		   alss 9
001454: 660711  
		   jmp passone
001455: 601534  
		3:
		   jms sleep; sfiles+2
001456: 102445  
001457: 005533  
		   jms swap
001460: 100136  
		   jmp rkbdi
001461: 601415  
			" write routine for (graphic) "display" special file
		wdspo:
		   jms chkint1
001462: 101546  
		   jms forall
001463: 102423  
		   jms dspput			" put char (jmp fallr "returns" here)
001464: 102551  
		      jmp fallr			" go back for next (continuation!)
001465: 602436  
		   jms sleep; sfiles+6
001466: 102445  
001467: 005537  
		   jms swap
001470: 100136  
		   jmp wdspo
001471: 601462  
			" read routine (upper half) for paper tape reader special file
		rppti:
		   lac d4
001472: 204133  
		   jms getchar
001473: 101756  
		      jmp .+3
001474: 601477  
		   alss 9
001475: 660711  
		   jmp passone
001476: 601534  
		   lac sfiles+3			" get sleep word
001477: 205534  
		   sma				" device busy?
001500: 740100  
		   rsa				"  no: reader select alphanumeric mode
001501: 700104  
		1:
		   jms sleep; sfiles+3
001502: 102445  
001503: 005534  
		   jms swap
001504: 100136  
		   jmp rppti
001505: 601472  
		"** 01-s1.pdf page 19
			" write routine (upper half) for paper tape punch special file
		wppto:
		   jms forall
001506: 102423  
		   sna				" jmp fallr "returns" here
001507: 741200  
		   jmp fallr
001510: 602436  
		   lmq
001511: 652000  
		   lac sfiles+4			" get sleepers
001512: 205535  
		   spa				" busy?
001513: 741100  
		   jmp 1f			"  yes
001514: 601522  
		   xor o400000			" mark busy
001515: 244204  
		   dac sfiles+4
001516: 045535  
		   lacq				" get character
001517: 641002  
		   psa				" start output
001520: 700204  
		   jmp fallr
001521: 602436  
		1:
		   lacq
001522: 641002  
		   dac char
001523: 045522  
		   lac d5
001524: 204134  
		   jms putchar
001525: 101741  
		      skp
001526: 741000  
		   jmp fallr
001527: 602436  
		   jms sleep; sfiles+4
001530: 102445  
001531: 005535  
		   jms swap
001532: 100136  
		   jmp wppto
001533: 601506  
			" common exit for special file input
		passone:
		   sad o4000			" CTRL/D?
001534: 544165  
		   jmp okexit			"  yes: return zero
001535: 600102  
		   dac u.base i			" no: save for user
001536: 065662  
		   lac d1			" return 1
001537: 204130  
		   dac u.ac
001540: 045642  
		   jmp sysexit
001541: 600103  
			" error return from a system call
			" return address @error never used
			" (perhaps saved as a kind of "errno"?)
		error: 0
001542: 000000  
		   -1
001543: 777777  
		   dac u.ac
001544: 045642  
		   jmp sysexit
001545: 600103  
			" here on tty & kbd/display read/write calls
			" check for pending "interrupt" and terminate process
		chkint1: 0
001546: 000000  
		   dzm .insys
001547: 144077  
		   jms chkint
001550: 100320  
		      skp
001551: 741000  
		   jmp .save			" save core and exit
001552: 601156  
		   -1
001553: 777777  
		   dac .insys
001554: 044077  
		   jmp chkint1 i
001555: 621546  
		"** 01-s1.pdf page 21
		" s4
			" allocate a free disk block for a file (data or indirect)
		alloc: 0
001556: 000000  
		   -1			" decrement the count
001557: 777777  
		   tad s.nfblks		" of free blocks at s.fblks
001560: 345554  
		   spa			" any left?
001561: 741100  
		   jmp 1f		"  no
001562: 601577  
		   dac s.nfblks		" Update the count of free block numbers
001563: 045554  
		   tad fblksp		" get pointer to last valid entry in s.fblks
001564: 344117  
		   jms laci		" fetch the word
001565: 101646  
		   dac 9f+t		" save in t0
001566: 044225  
		   jms copyz; dskbuf; 64	" zero dskbuf
001567: 101723  
001570: 007700  
001571: 000100  
		   lac 9f+t		" get block number back
001572: 204225  
		   jms dskwr		" write out the zeros
001573: 102157  
		   dzm .savblk		" cancel system block write
001574: 144103  
		   lac 9f+t		" get the block number back
001575: 204225  
		   jmp alloc i		" Return from routine
001576: 621556  
		1:
		   lac s.nxfblk		" next block with list of free blocks
001577: 205553  
		   sna			" any?
001600: 741200  
		   jms halt " OUT OF DISK
001601: 102265  
		   dac s.fblks		" save as first free block #
001602: 045555  
		   jms dskrd		" read the block
001603: 102127  
		   lac dskbuf		" get first word (pointer to next in chain)
001604: 207700  
		   dac s.nxfblk		" save as new "next"
001605: 045553  
		   jms copy; dskbuf+1; s.fblks+1; 9	" copy remaining 9 as free
001606: 101700  
001607: 007701  
001610: 005556  
001611: 000011  
		   lac d10		" reset free count
001612: 204141  
		   dac s.nfblks
001613: 045554  
		   jmp alloc+1
001614: 601557  
			" free the disk block whose number is in AC
		free: 0
001615: 000000  
		   lmq			" save block in MQ
001616: 652000  
		   lac s.nfblks		" get number of free blocks
001617: 205554  
		   sad d10		" 10?
001620: 544141  
		   jmp 1f		"  yes
001621: 601631  
		   tad fblksp		" no: get addr in s.fblks to store new block in
001622: 344117  
		   dac 9f+t		" save pointer
001623: 044225  
		   lacq			" get block number
001624: 641002  
		   dac 9f+t i		" save it in s.fblks
001625: 064225  
		   dzm .savblk		" cancel system block write
001626: 144103  
		   isz s.nfblks		" increment free count
001627: 445554  
		   jmp free i		" return
001630: 621615  
		1:
		   lac s.nxfblk		" get head of free chain
001631: 205553  
		   dac dskbuf		" save (as chain ptr) in first word of disk buf
001632: 047700  
		   jms copy; s.fblks+1; dskbuf+1; 9	" with 9 of the 10 free blocks
001633: 101700  
001634: 005556  
001635: 007701  
001636: 000011  
		   lacq			" get the newly freed block back
001637: 641002  
		   dac s.nxfblk		" save as new head of free chain
001640: 045553  
		   jms dskwr		" write dskbuf to the newly freed block
001641: 102157  
		   dzm .savblk		" cancel system block write
001642: 144103  
		   lac d1		" reset free count to one
001643: 204130  
		   dac s.nfblks		" (the first word in s.fblks)
001644: 045554  
		   jmp free i		" Return from the routine
001645: 621615  
		t = t+1
	000010  
			" "load ac indirect"
			" AC/ address
			"   jms laci
			" AC/ contents of address
		laci: 0
001646: 000000  
		   and o17777				" clear everything but addr
001647: 504171  
		   tad o200000				" make into "lac addr"
001650: 344201  
		   dac .+1
001651: 041652  
		   lac ..				" fetch
001652: 200000  
		   jmp laci i				" return
001653: 621646  
		"** 01-s1.pdf page 22
			" skip if AC between two values (inclusive)
			"   jms betwen; low_ptr; high_ptr
			"    <not between>
			"  <between>
			" listing has an alternate written in
			"  (which would require 'lac ptr' instead of 'ptr' args?)
		betwen: 0
001654: 000000  
		   lmq cmq			" get ~AC in MQ
001655: 652004  
		   lac betwen i			" get low_ptr
001656: 221654  
		   dac 9f+t
001657: 044226  
		   isz betwen			" skip low_ptr
001660: 441654  
		   lacq				" get ~AC (-AC-1) from MQ
001661: 641002  
		   tad 9f+t i			" get low-AC-1
001662: 364226  
		   sma				" negative (AC >= low)?
001663: 740100  
		   jmp 1f			"  no, return w/o skip
001664: 601674  
		   lac betwen i			" fetch high_ptr
001665: 221654  
		   dac 9f+t
001666: 044226  
		   isz betwen			" skip high_ptr
001667: 441654  
		   lacq				" get -AC-1
001670: 641002  
		   tad 9f+t i			" add to high value (high-AC-1)
001671: 364226  
		   cma				" complement (AC-high)
001672: 740001  
		   spa sna			" AC-high <= 0?
001673: 741300  
		1:
		   isz betwen			"  no: give happy (skip) return
001674: 441654  
		   lacq				" restore ~AC
001675: 641002  
		   cma				" restore AC
001676: 740001  
		   jmp betwen i			" return w/o skip
001677: 621654  
			" copy memory
			" call:
			"   jms copy; src; dest; count
		copy: 0
001700: 000000  
		   -1
001701: 777777  
		   tad copy i
001702: 361700  
		   dac 8
001703: 040010  
		   isz copy
001704: 441700  
		   -1
001705: 777777  
		   tad copy i
001706: 361700  
		   dac 9
001707: 040011  
		   isz copy
001710: 441700  
		   -1
001711: 777777  
		   tad copy i
001712: 361700  
		   cma
001713: 740001  
		   dac 9f+t
001714: 044226  
		   isz copy
001715: 441700  
		1:
		   lac 8 i
001716: 220010  
		   dac 9 i
001717: 060011  
		   isz 9f+t
001720: 444226  
		   jmp 1b
001721: 601716  
		   jmp copy i
001722: 621700  
			" copy zeroes (clear memory)
			" call:
			"   jms copyz; pointer; count
		copyz: 0
001723: 000000  
		   -1
001724: 777777  
		   tad copyz i			" get call PC
001725: 361723  
		   dac 8			" save in index (pre-increments)
001726: 040010  
		   isz copyz			" skip pointer
001727: 441723  
		   -1
001730: 777777  
		   tad copyz i			" get count-1
001731: 361723  
		   cma				" get negative count
001732: 740001  
		   dac 9f+t			" save in t0
001733: 044226  
		   isz copyz			" skip count
001734: 441723  
		1:
		   dzm 8 i			" zero word
001735: 160010  
		   isz 9f+t			" done?
001736: 444226  
		   jmp 1b			"  no: loop
001737: 601735  
		   jmp copyz i			" return
001740: 621723  
		t = t+1
	000011  
			" Character queue management routines
			" (CALLED FROM PI: USE OF INDIRECT AVOIDED TO AVOID DISK DMA UNDERRUN)
			" Queue numbers:
			"  0: free list
			"  1: tty input
			"  2: tty output
			"  3: display keyboard
			"  4: paper tape reader
			"  5: paper tape punch
			" queue headers are two words: "first" and "last"(??)
			" queue entries are two words: "next" and "char"
			" put queued character
			" character to store in "char"
			" queue number in AC
		putchar: 0
001741: 000000  
		"** 01-s1.pdf page 23
		   dac 9f+t		" save queue number in t0
001742: 044227  
		   cla			" get entry from free list
001743: 750000  
		   jms takeq
001744: 101770  
		      jmp putchar i	" none free: return w/o skip
001745: 621741  
		   tad o40001		" turn into "dac addr+1"
001746: 344174  
		   dac .+4
001747: 041753  
		   lac 9f+t		" get queue number back
001750: 204227  
		   jms putq		" add entry
001751: 102022  
		   lac char		" get char
001752: 205522  
		   dac q2+1 ..		" save in second word of queue entry
001753: 044312  
		   isz putchar		" give skip return
001754: 441741  
		   jmp putchar i
001755: 621741  
		t = t+1
	000012  
			" get queued character
			" queue number in AC
			" returns with skip if something found
		getchar: 0
001756: 000000  
		   jms takeq		" get entry from head of queue
001757: 101770  
		      jmp i getchar	"  nothing there: return w/o skip
001760: 621756  
		   tad o200001		" turn into "lac qentry+1" (fetch stored char)
001761: 344202  
		   dac .+3
001762: 041765  
		   cla
001763: 750000  
		   jms putq		" put qentry on free list
001764: 102022  
		   lac q2+1 ..		" fetch queued character(!!!)
001765: 204312  
		   isz getchar		" give skip return
001766: 441756  
		   jmp i getchar
001767: 621756  
			" fetch first entry from a queue
			" queue number in AC
			" returns with skip if something dequeued
		takeq: 0
001770: 000000  
		   rcl			" multiply queue number by two
001771: 744010  
		   tad lacq1		" add "lac q1"
001772: 344121  
		   dac .+7
001773: 042002  
		   tad o640000		" turn "lac" into "dac"
001774: 344210  
		   dac .+17
001775: 042016  
		   tad d1		" increment addr
001776: 344130  
		   dac .+14
001777: 042015  
		   tad o500000		" turn "dac" into "sad"
002000: 344205  
		   dac .+5
002001: 042006  
		   lac q1 ..		" load queue head
002002: 204271  
		   sna			" non-zero?
002003: 741200  
		   jmp takeq i		"  no: return zero w/o skip
002004: 621770  
		   dac lnkaddr
002005: 045521  
		   sad q1+1 ..		" different from tail(??)
002006: 544272  
		   jmp .+5		"  no -- (last entry?)
002007: 602014  
		   tad o200000		" yes: turn into lac
002010: 344201  
		   dac .+1		" save lac
002011: 042012  
		   lac q2 ..		" get next pointer from queue entry
002012: 204311  
		   jmp .+3
002013: 602016  
		   cla			" here with head == tail(??)
002014: 750000  
		   dac q1+1 ..		" clear tail
002015: 044272  
		   dac q1 ..		" save (clear) head
002016: 044271  
		   isz takeq		" give skip return
002017: 441770  
		   lac lnkaddr		" return queue entry pointer
002020: 205521  
		   jmp i takeq
002021: 621770  
			" save queue entry (at lnkaddr) to a queue (queue number in AC)
		putq: 0
002022: 000000  
		   rcl			" multiply by two
002023: 744010  
		   tad dacq1		" turn into "dac qhead"
002024: 344120  
		   dac .+14
002025: 042043  
		   tad d1		" turn into "dac qtail"
002026: 344130  
		   dac .+13
002027: 042044  
		   tad o140000		" turn into "lac qtail"
002030: 344200  
		   dac .+1
002031: 042032  
		   lac q1-1 ..		" fetch tail
002032: 204270  
		"** 01-s1.pdf page 24
		   sna			" non-zero?
002033: 741200  
		   jmp .+6		"  no: is zero
002034: 602042  
		   tad o40000		" turn into "dac qentry" (append to queue)
002035: 344173  
		   dac .+2
002036: 042040  
		   lac lnkaddr		" get new entry
002037: 205521  
		   dac q2 ..		" append to tail entry
002040: 044311  
		   jmp .+3
002041: 602044  
		   lac lnkaddr		" here with tail == 0
002042: 205521  
		   dac q1 ..		" save new entry as head
002043: 044271  
		   dac q1+1 ..		" save new tail
002044: 044272  
		   jmp putq i
002045: 622022  
			" NOTE!! srcdbs, collaps, dskrd, dskwr share the same "temp" vars:
			" "t0" temp!!
			" "t1" contains pointer to (addr, buffer)
			" "t2" contains block number
			
			" check if disk block number in AC in memory
			" give skip return if block NOT found
		srcdbs: 0
002046: 000000  
		   dac 9f+t+2   "* lmq			" save block number in t2
002047: 044232  
		   -ndskbs				" loop for number of buffers
002050: 777774  
		   dac 9f+t				" in t0
002051: 044230  
		   law dskbs	"* -1 dac 8 written	" get address of first buffer
002052: 765100  
		   dac 9f+t+1	"* lacq			" in t1
002053: 044231  
		1:
		   lac 9f+t+2	"** crossed out		" get desired block number
002054: 204232  
		   sad 9f+t+1 i	"** "8 i" written	" match buffer block?
002055: 564231  
		   jmp srcdbs i				"  yes: return without skip
002056: 622046  
		   law 65	"** crossed out		" no: advance to next buffer
002057: 760101  
		   tad 9f+t+1	"** crossed out isz 8 written
002060: 344231  
		   dac 9f+t+1
002061: 044231  
		   isz 9f+t
002062: 444230  
		   jmp 1b
002063: 602054  
		   isz srcdbs				" block not found: give skip return
002064: 442046  
		   jmp srcdbs i
002065: 622046  
		collapse: 0
002066: 000000  
		   cla					" look for free buffer
002067: 750000  
		   jms srcdbs				" found?
002070: 102046  
		      jmp 1f				"  yes
002071: 602074  
		   law dskbs				" no: reuse last buffer
002072: 765100  
		   dac 9f+t+1	"** 9f+t+1 crossed out: 8 written in
002073: 044231  
		1:
				"** written: tad dm1
				"** written: dac 8
		   lac 9f+t+1	"** 9f+t+1 crossed out: 8 written in
002074: 204231  
		   dac 0f+1				" save as copy dest
002075: 042111  
		   tad d65	"** crossed out w/ d2	" get start of next buffer
002076: 344152  
		   dac 0f				" save as copy src
002077: 042110  
		   cma
002100: 740001  
		   tad d1
002101: 344130  
		   tad edskbsp				" subtract from end of buffers
002102: 345504  
		   and o17777				" mask to 13 bits
002103: 504171  
		   sna					" non-zero count?
002104: 741200  
		   jmp 0f+3				"  no: skip copy
002105: 602113  
		   dac 0f+2				" save as copy length
002106: 042112  
		   jms copy; 0:..; ..; ..		" slide buffers up
002107: 101700  
002110: 000000  
002111: 000000  
002112: 000000  
		   -65
002113: 777677  
		   tad edskbsp				" get addr of last buffer
002114: 345504  
		   dac 9f+t				" save in t0
002115: 044230  
		   tad d1				" get block data pointer
002116: 344130  
		   dac 0f				" save as copy dest
002117: 042124  
		   lac dskaddr				" get block number
002120: 205523  
		   dac 9f+t i				" save in buffer header
002121: 064230  
		   jms copy; dskbuf; 0:..; 64		" copy dskbuf to last buffer
002122: 101700  
002123: 007700  
002124: 000000  
002125: 000100  
		   jmp collapse i
002126: 622066  
			" read logical disk block number (2..7999) in AC into dskbuf
		dskrd: 0
002127: 000000  
		   jms betwen; d2; d7999
002130: 101654  
002131: 004131  
002132: 004166  
		"** 01-s1.pdf page 25
		      jms halt			" bad block number
002133: 102265  
		   sad dskaddr			" block currently in dskbuf
002134: 545523  
		   jmp dskrd i			"  yes: return
002135: 622127  
		   dac dskaddr			" save block address
002136: 045523  
		   jms srcdbs			" in memory?
002137: 102046  
		      jmp 1f			"  yes
002140: 602145  
		   lac dskaddr			" no: read from disk
002141: 205523  
		   jms dskio; 06000
002142: 102173  
002143: 006000  
		   jmp 2f
002144: 602155  
		1:
		   dzm 9f+t+1 i
002145: 164231  
		   law 1
002146: 760001  
		   tad 9f+t+1
002147: 344231  
		   dac .+2
002150: 042152  
		   jms copy; ..; dskbuf; 64
002151: 101700  
002152: 000000  
002153: 007700  
002154: 000100  
		2:
		   jms collapse
002155: 102066  
		   jmp dskrd i
002156: 622127  
			" write a file block (data, inode or indirect)
			" AC/ block
		dskwr: 0
002157: 000000  
		   jms betwen; d2; d7999
002160: 101654  
002161: 004131  
002162: 004166  
		      jms halt
002163: 102265  
		   jms dskio; 07000
002164: 102173  
002165: 007000  
		   lac dskaddr
002166: 205523  
		   jms srcdbs
002167: 102046  
		      dzm 9f+t+1 i
002170: 164231  
		   jms collapse
002171: 102066  
		   jmp dskwr i
002172: 622157  
		t = t+3
	000015  
			" called to read/write logical block into "dskbuf"
			" AC/ block
			"   jms dskio; DSLD_BITS
		dskio: 0
002173: 000000  
		   dac dskaddr
002174: 045523  
		   cll; idiv; 80
002175: 744000  
002176: 653323  
002177: 000120  
		   dac 9f+t
002200: 044233  
		   lacq
002201: 641002  
		   idiv; 10
002202: 653323  
002203: 000012  
		   dac 9f+t+1
002204: 044234  
		   lls 22
002205: 640626  
		   xor 9f+t+1
002206: 244234  
		   als 8
002207: 640710  
		   dac 9f+t+1
002210: 044234  
		   lac 9f+t
002211: 204233  
		   idiv; 10
002212: 653323  
002213: 000012  
		   dac 9f+t
002214: 044233  
		   lls 22
002215: 640626  
		   xor 9f+t
002216: 244233  
		   xor 9f+t+1
002217: 244234  
		   xor o200000
002220: 244201  
		   dac 9f+t
002221: 044233  
		   jms dsktrans; -64; dskbuf; 9f+t; dskio
002222: 102231  
002223: 777700  
002224: 007700  
002225: 004233  
002226: 002173  
		   isz dskio
002227: 442173  
		   jmp dskio i
002230: 622173  
		t = t+1
	000016  
			" perform disk I/O (both filesystem buffer and swapping)
			" passed physical (BCD) disk address
			" waits for disk interrupt: no overlapped operation
			" to avoid disk DMA underrun
			" called:
			"   jms dsktrans; -words; mem_addr; disk_addr_ptr; op_ptr_ptr
		dsktrans: 0
002231: 000000  
		   -10				" set retry counter
002232: 777766  
		   dac 9f+t
002233: 044234  
		1:
		   -1
002234: 777777  
		   tad dsktrans			" get arg pointer
002235: 342231  
		   dac 12			" store as auto-index
002236: 040014  
		"** 01-s1.pdf page 26
		   dscs				" clear status register
002237: 707141  
		   lac 12 i			" pick up word count
002240: 220014  
		   dslw				" load WC
002241: 707124  
		   lac 12 i			" pick up memory address
002242: 220014  
		   dslm				" load MAC
002243: 707142  
		   lac 12 i			" get disk_addr_ptr
002244: 220014  
		   jms laci			" get disk address
002245: 101646  
		   dsld				" load BCD track and sector (TA & SA)
002246: 707104  
		   dzm .dskb			" clear disk interrupt indicator
002247: 144105  
		   lac 12 i			" load status (op) pointer pointer
002250: 220014  
		   jms laci			" fetch pointer
002251: 101646  
		   jms laci			" fetch op
002252: 101646  
		   dsls				" load status register (sets busy, int enb)
002253: 707144  
		   lac .dskb			" check for interrupt
002254: 204105  
		   sna
002255: 741200  
		   jmp .-2			" loop until interrupt seen
002256: 602254  
		   lac .dske			" get status from interrupt
002257: 204106  
		   sma
002260: 740100  
		   jmp 12 i			" return
002261: 620014  
		   isz 9f+t			" increment retry counter
002262: 444234  
		   jmp 1b			"  less than 10 tries: try again
002263: 602234  
		   jms halt " 10 disk errors
002264: 102265  
		t = t+1
	000017  
		halt: 0
002265: 000000  
		   isz 9f+t			" spin for a while (process interrupts?)
002266: 444235  
		   jmp .-1
002267: 602266  
		   iof				" disable interrupts
002270: 700002  
		   hlt				" halt
002271: 740040  
		   jms copy; law; 4096; 4096	" continued: copy system up to user memory?
002272: 101700  
002273: 760000  
002274: 010000  
002275: 010000  
		   hlt; jmp .-1			" halt for good
002276: 740040  
002277: 602276  
		t = t+1
	000020  
		"** 01-s1.pdf page 28
		" s5
			" read/write a process from/to swap space
			" call:
			" AC/ first word of process table
			"   jms dskswap; DSLD bits
		dskswap: 0
002300: 000000  
		   cll; als 3			" get process disk address
002301: 744000  
002302: 640703  
		   dac 9f+t			" save in t0
002303: 044236  
		   jms dsktrans; -64; userdata; 9f+t; dskswap	" read/write user area
002304: 102231  
002305: 777700  
002306: 005642  
002307: 004236  
002310: 002300  
		   lac 9f+t			" get swap addr back
002311: 204236  
		   tad o20			" advance by 16??
002312: 344145  
		   dac 9f+t			" save
002313: 044236  
		   jms dsktrans; -4096; 4096; 9f+t; dskswap	" read/write user memory
002314: 102231  
002315: 770000  
002316: 010000  
002317: 004236  
002320: 002300  
		   isz dskswap			" skip bits
002321: 442300  
		   jmp dskswap i		" return
002322: 622300  
		t = t+1
	000021  
		access: 0
002323: 000000  
		   lac i.flags			" get inode flags
002324: 205743  
		   lmq				" save in MQ
002325: 652000  
		   lac u.uid			" get user id
002326: 205655  
		   spa				" negative?
002327: 741100  
		   jmp access i			"  yes: super user, return
002330: 622323  
		   sad i.uid			" compare to file owner
002331: 545753  
		   lrs 2			"  same: shift flags down two
002332: 640502  
		   lacq				" get inode flags back
002333: 641002  
		   and mode			" AND with mode from system call
002334: 505511  
		   sza				" access allowed?
002335: 740200  
		   jmp access i			"  yes: return
002336: 622323  
		   jms error			" no: return error from system call
002337: 101542  
		fassign: 0
002340: 000000  
		   -10				" loop count
002341: 777766  
		   dac 9f+t			" in t0
002342: 044237  
		1:
		   lac 9f+t			" get count
002343: 204237  
		   tad d10			" turn into fd
002344: 344141  
		   jms fget			" fetch open file into "fnode"
002345: 102371  
		      jms halt " will not happen
002346: 102265  
		   lac f.flags			" get fnode flags
002347: 205770  
		   sma				" sign bit set (active)?
002350: 740100  
		   jmp 1f			"  no: free
002351: 602355  
		   isz 9f+t			" increment loop count & loop until zero
002352: 444237  
		   jmp 1b
002353: 602343  
		   jmp fassign i
002354: 622340  
		1:
		   lac mode			" get mode from system call
002355: 205511  
		   xor o400000			" set sign bit
002356: 244204  
		   dac f.flags			" save in fnode
002357: 045770  
		   lac ii			" get i-number
002360: 205742  
		   dac f.i			" save in fnode
002361: 045772  
		   lac 9f+t
002362: 204237  
		   tad d10			" get fd
002363: 344141  
		   dac u.ac			" return in user AC
002364: 045642  
		   dzm f.badd			" clear file offset in fnode
002365: 145771  
		   jms fput			" copy fnode back into u.ofiles
002366: 102413  
		   isz fassign			" give skip return
002367: 442340  
		   jmp fassign i
002370: 622340  
		t = t+1
	000022  
			" load fnode (open file entry) from u.ofiles
			" AC/ user fd
			"   jms fget
			"    bad fd
			"   return with fnode set
		fget: 0
002371: 000000  
		   jms betwen; d0; d9		" fd 0..9?
002372: 101654  
002373: 004127  
002374: 004140  
		      jmp fget i		"  no, return
002375: 622371  
		   cll; mul; 3			" multiply by three
002376: 744000  
002377: 653122  
002400: 000003  
		   lacq
002401: 641002  
		"** 01-s1.pdf page 29
		   tad ofilesp			" get pointer into u.ofiles
002402: 344112  
		   dac 9f+t			" save in t0
002403: 044240  
		   dac .+2			" save as copy source
002404: 042406  
		   jms copy; ..; fnode; 3	" copy to "fnode"
002405: 101700  
002406: 000000  
002407: 005770  
002410: 000003  
		   isz fget			" give skip return
002411: 442371  
		   jmp fget i
002412: 622371  
			" copy fnode back to u.ofiles
			" uses temp value set by "fget"
			" (fget and fput calls must be paired)
		fput: 0
002413: 000000  
		   lac 9f+t
002414: 204240  
		   dac .+3
002415: 042420  
		   jms copy; fnode; ..; 3
002416: 101700  
002417: 005770  
002420: 000000  
002421: 000003  
		   jmp fput i
002422: 622413  
		t = t+1
	000023  
			" helper for special device write routines to fetch
			" returns next character from user buffer
			" when done returns from system call w/ character count in AC.
		forall: 0
002423: 000000  
		   lac u.base
002424: 205662  
		   sad u.limit
002425: 545664  
		   jmp 1f			" done
002426: 602442  
		   lac u.base			" get base pointer (again?? already in AC?!)
002427: 205662  
		   ral				" rotate MSB into LINK
002430: 740010  
		   lac u.base i			" fetch word via base pointer
002431: 225662  
		   snl				" LINK set?
002432: 740400  
		   lrs 9			"  no: shift high character down
002433: 640511  
		   and o777			" mask to 9 bits
002434: 504163  
		   jmp forall i			" return char
002435: 622423  
		fallr:		" original caller jumps to here for subsequent characters
		   lac u.base			" get base
002436: 205662  
		   add o400000			" advance character pointer
002437: 304204  
		   dac u.base
002440: 045662  
		   jmp forall+1			" start from top
002441: 602424  
		1:
		   lac u.count
002442: 205663  
		   dac u.ac
002443: 045642  
		   jmp sysexit
002444: 600103  
			" prepare to sleep on a (character) device
			" word after call is pointer to per-device sleepers word
			" (bit vector indexed by ulist entry number)
			" bit zero (MSB) of sleepers word is special (device busy?)
			" call:
			"   jms sleep; sfiles+N
			"   jms swap
		sleep: 0
002445: 000000  
		   law ulist-1		" pointer to process table
002446: 765571  
		   dac 8		" in index register
002447: 040010  
		   lac o200000
002450: 204201  
		   lmq			" get bit for process slot zero in MQ
002451: 652000  
		1:			" loop to get mask bit for our process in MQ
		   lac u.ulistp i	" get our process status word (contains swap addr)
002452: 225660  
		   sad 8 i		" compare to next process table entry
002453: 560010  
		   jmp 1f		"  match
002454: 602463  
		   isz 8		" no match: skip other 3 words of process table
002455: 440010  
		   isz 8
002456: 440010  
		   isz 8
002457: 440010  
		   cla; lrs 1		" shift MQ down one
002460: 750000  
002461: 640501  
		   jmp 1b		" loop
002462: 602452  
		1:
		   tad o100000		" increment our status to mark process not ready
002463: 344177  
		   dac u.ulistp i
002464: 065660  
		   lac sleep i		" get sleep variable pointer
002465: 222445  
		   dac 9f+t
002466: 044241  
		   lac 9f+t i		" get sleep variable contents
002467: 224241  
		   omq			" or in MQ (set bit for our process)
002470: 640002  
		   dac 9f+t i		" write sleep variable
002471: 064241  
		   isz sleep		" skip sleep variable pointer
002472: 442445  
		   jmp sleep i
002473: 622445  
		t = t+1
	000024  
		"** 01-s1.pdf page 30
			" look for a free directory entry??
		dslot: 0
002474: 000000  
		   dzm di
002475: 145757  
		   skp
002476: 741000  
		1:
		   isz di
002477: 445757  
		   lac di
002500: 205757  
		   jms dget			" get directory entry
002501: 103115  
		   lac d.i			" get i number
002502: 205760  
		   sza				" zero (free)?
002503: 740200  
		   jmp 1b			"  no keep looking
002504: 602477  
		   jmp dslot i			" yes: return index
002505: 622474  
			" called with:
			" AC/ mode
			" name/ file name
		icreat: 0
002506: 000000  
		   dac 9f+t			" save mode in t0
002507: 044242  
		   jms dslot
002510: 102474  
		   lac o20			" look for a free inode starting at 17
002511: 204145  
		   dac ii
002512: 045742  
		1:
		   isz ii
002513: 445742  
		   lac ii
002514: 205742  
		   jms iget
002515: 103030  
		   lac i.flags
002516: 205743  
		   spa				" "in use" bit bit clear?
002517: 741100  
		   jmp 1b			"  no, guess again
002520: 602513  
		   lac ii
002521: 205742  
		   dac d.i
002522: 045760  
		   jms copy; name; d.name; 4
002523: 101700  
002524: 005515  
002525: 005761  
002526: 000004  
		   isz s.uniq			" get a new unique number
002527: 445567  
		   lac s.uniq
002530: 205567  
		   dac d.uniq			" save in directory entry
002531: 045765  
		   dac i.uniq			" and inode
002532: 045756  
		   lac 9f+t			" get mode
002533: 204242  
		   xor o400000			" set "in use"
002534: 244204  
		   dac i.flags
002535: 045743  
		   lac u.uid			" get user
002536: 205655  
		   dac i.uid			" set owner
002537: 045753  
		   -1
002540: 777777  
		   dac i.nlks			" -1 links?!
002541: 045754  
		   dzm i.size			" empty
002542: 145755  
		   jms copyz; i.dskps; 7	" clear disk block numbers
002543: 101723  
002544: 005744  
002545: 000007  
		   jms iput			" write inode
002546: 103057  
		   jms dput			" write directory entry
002547: 103147  
		   jmp icreat i
002550: 622506  
		t = t+1
	000025  
			" output character to display
		dspput: 0
002551: 000000  
		   and o177			" mask to 7 bits
002552: 504160  
		   sna
002553: 741200  
		   jmp i dspput			" discard NUL
002554: 622551  
		   sad o14			" Form Feed?
002555: 544142  
		   jmp 1f			"  yes
002556: 602571  
		   lmq				" save char in MQ
002557: 652000  
		   sad o12			" newline?
002560: 544141  
		   jms dspnl			"  yes
002561: 102605  
		   lac dsploc i			" get display word
002562: 224455  
		   sad o400000			" TRAP?
002563: 544204  
		   jmp dspleft			"  yes (first character)
002564: 602573  
		   omq				" no: or in second character
002565: 640002  
		   dac dsploc i			" save both characters
002566: 064455  
		   isz dsploc			" advance display pointer
002567: 444455  
		   jmp i dspput
002570: 622551  
		"** 01-s1.pdf page 31
		1:				" here on form feed
		   jms dspinit			" clear display
002571: 102617  
		   jmp dspput i
002572: 622551  
		dspleft:
		   lac dsploc			" get display pointer
002573: 204455  
		   sad edspbuf			" end of the buffer?
002574: 544115  
		   jmp 1f			"  yes: light up a button!?
002575: 602613  
		   dac 8			" no: store in index
002576: 040010  
		   lac o400000			" get TRAP instruction
002577: 204204  
		   dac 8 i			" store as next
002600: 060010  
		   cla; llss 18+7		" shift MQ upto "char1" position
002601: 750000  
002602: 660631  
		   dac dsploc i			" store word with char1
002603: 064455  
		   jmp dspput i
002604: 622551  
		dspnl: 0			" only called once!
002605: 000000  
		   lac dsplno			" get display line number
002606: 204456  
		   sad d33			" 33?
002607: 544153  
		   jmp 1f			"  yes: light a button!
002610: 602613  
		   isz dsplno			" no: increment line number
002611: 444456  
		   jmp dspnl i
002612: 622605  
		1:
		   lac o2000			" get bit for push button 7
002613: 204164  
		   wbl				" write button lights
002614: 704424  
		   isz dspput
002615: 442551  
		   jmp dspput i
002616: 622551  
		dspinit: 0
002617: 000000  
		   lac dspbufp3			" get pointer to dspbuf+3
002620: 204116  
		   dac dsploc			" store location
002621: 044455  
		   lac o400000			" display "TRAP" instruction (end of list)
002622: 204204  
		   dac dspbuf+3			" save in buffer
002623: 044462  
		   dzm dsplno			" clear display line number
002624: 144456  
		   jmp dspinit i
002625: 622617  
			" "move display" (change display buffer pointer)
			" called with new buffer pointer in AC
		movdsp: 0
002626: 000000  
		   iof
002627: 700002  
		   cdf				" clear display flags (stop)
002630: 700501  
		   dac dspbufp			" save display buf pointer
002631: 045506  
		   -1
002632: 777777  
		   dac .dspb			" .dspb = -1
002633: 045547  
		   ion
002634: 700042  
		   jmp movdsp i
002635: 622626  
			" fetch user argument from word after "sys" call, return in AC
		arg: 0
002636: 000000  
		   lac u.rg+8 i			" fetch word after return PC
002637: 225654  
		   isz u.rg+8			" bump PC
002640: 445654  
		   jmp arg i
002641: 622636  
			" fetch user pathname argument from pointer word after "sys" call
			" into "name" and look it up (in current working directory)
			" if lookup fails: returns error to user (not caller)
			" if lookup OK: returns with file i-inode read (into "inode")
			"	and i-number in AC
		argname: 0
002642: 000000  
		   jms arg			" fetch name pointer
002643: 102636  
		   dac .+2			" save as copy source
002644: 042646  
		   jms copy; ..; name; 4	" copy to "name"
002645: 101700  
002646: 000000  
002647: 005515  
002650: 000004  
		   lac u.cdir			" get CWD
002651: 205657  
		   jms namei; name		" look up file
002652: 102750  
002653: 005515  
		      jms error			"  failed: return error directly to user
002654: 101542  
		   jmp argname i
002655: 622642  
			" common code for seek/tell system calls
		seektell: 0
002656: 000000  
		   jms arg			" fetch 1st arg after sys
002657: 102636  
		   dac u.base			" save in u.base
002660: 045662  
		"** 01-s1.pdf page 32
		   jms arg			" fetch 2nd arg (whence??)
002661: 102636  
		   dac u.limit			" save in u.limit
002662: 045664  
		   jms finac			" fetch fnode & inode for fd in AC
002663: 103401  
		   lac u.limit			" get whence arg back
002664: 205664  
		   sna				" zero?
002665: 741200  
		   jmp seektell i		"  yes, return zero (relative to start)
002666: 622656  
		   sad d1			" one?
002667: 544130  
		   jmp .+3			"  yes: return pos (relative to current)
002670: 602673  
		   lac i.size			" no: return file size (relative to end)
002671: 205755  
		   jmp seektell i
002672: 622656  
		   lac f.badd
002673: 205771  
		   jmp seektell i
002674: 622656  
			" system call helper
			" fetch system call argument name pointer from after "sys" call
			" read inode; if current user is not owner, return error to user
		isown: 0
002675: 000000  
		   jms argname
002676: 102642  
		   jms iget
002677: 103030  
		   lac u.uid			" get user id
002700: 205655  
		   sma				" super user?
002701: 740100  
		   sad i.uid			"  no: does user own file?
002702: 545753  
		   skp				"   yes, or super user
002703: 741000  
		   jms error			"    not super user, not owner: return error
002704: 101542  
		   jmp isown i
002705: 622675  
		"** 01-s1.pdf page 34
		" s6
		itrunc: 0
002706: 000000  
		   -7					" loop 7 times
002707: 777771  
		   dac 9f+t				" in t0
002710: 044243  
		   lac idskpp				" pointer to inode block numbers
002711: 204113  
		   dac 9f+t+1				" save in t1
002712: 044244  
		1:			" top of loop for inode blocks
		   lac 9f+t+1 i				" fetch next block number
002713: 224244  
		   sna					" allocated?
002714: 741200  
		   jmp 4f				"  no
002715: 602741  
		   lac i.flags				" check flags
002716: 205743  
		   and o200000				
002717: 504201  
		   sna					" large file?
002720: 741200  
		   jmp 3f				"  no
002721: 602736  
		   -64					" loop 64 times
002722: 777700  
		   dac 9f+t+2				" save count in t2
002723: 044245  
		   lac dskbufp				" get pointer to dskbuf
002724: 204114  
		   dac 9f+t+3				" in t3
002725: 044246  
		2:			" inner loop for indirect blocks
		   lac 9f+t+1 i				" get indirect block number
002726: 224244  
		   jms dskrd				" read it
002727: 102127  
		   lac 9f+t+3 i				" read block number from indirect
002730: 224246  
		   sza					" free?
002731: 740200  
		   jms free				"  no: free it
002732: 101615  
		   isz 9f+t+3				" increment pointer into indirect block
002733: 444246  
		   isz 9f+t+2				" increment loop counter, skip if done
002734: 444245  
		   jmp 2b				"  not done: loop
002735: 602726  
		3:			" here with small file
		   lac 9f+t+1 i				" load block number
002736: 224244  
		   jms free				" free it
002737: 101615  
		   dzm 9f+t+1 i				" clear block number
002740: 164244  
		4:			" bottom of loop for inode block ptrs
		   isz 9f+t+1				" increment block pointer
002741: 444244  
		   isz 9f+t				" increment count, skip if done
002742: 444243  
		   jmp 1b				"  not done
002743: 602713  
		   lac i.flags
002744: 205743  
		   and o577777				" clear large file flag
002745: 504206  
		   dac i.flags
002746: 045743  
		   jmp itrunc i
002747: 622706  
		t = t+4
	000031  
					" Given a pointer to a 4-word filename after
					" the jms to namei, and with AC holding the
					" i-num of the directory it is in, return the
					" i-number of the filename (and skip)
					" return zero in AC if not found (no skip)
		namei: 0
002750: 000000  
		   jms iget		" Get the inode from the i-num in the AC
002751: 103030  
		   -1
002752: 777777  
		   tad namei i		" get argptr-1
002753: 362750  
		   dac 9f+t+1		" save in t1
002754: 044250  
		   isz namei		" skip over argument
002755: 442750  
		   lac i.flags
002756: 205743  
		   and o20		" get directory bit
002757: 504145  
		   sna			" Is this a directory?
002760: 741200  
		   jmp namei i		"  no: return without skip
002761: 622750  
		   -8
002762: 777770  
		   tad i.size		" Subtract 8 from the file's size
002763: 345755  
		   cma
002764: 740001  
		   lrss 3
002765: 660503  
		   dac 9f+t		" negative count of directory entries in t0
002766: 044247  
		   sna			" any?
002767: 741200  
		   jmp namei i		"  no: return without skip
002770: 622750  
		   dzm di		" Store zero in di
002771: 145757  
		1:
		   lac di
002772: 205757  
		"** 01-s1.pdf page 35
		   jms dget		" Get a directory entry from the dirblock
002773: 103115  
		   lac d.i		" get i-num
002774: 205760  
		   sna			" in use?
002775: 741200  
		   jmp 2f		"  no
002776: 603024  
		   lac 9f+t+1		" get argptr-1
002777: 204250  
		   dac 8
003000: 040010  
		   lac d.name		" Compare the four words of the filename in the
003001: 205761  
		   sad 8 i		" directory entry with the argument to namei
003002: 560010  
		   skp
003003: 741000  
		   jmp 2f		" No match
003004: 603024  
		   lac d.name+1
003005: 205762  
		   sad 8 i
003006: 560010  
		   skp
003007: 741000  
		   jmp 2f		" No match
003010: 603024  
		   lac d.name+2
003011: 205763  
		   sad 8 i
003012: 560010  
		   skp
003013: 741000  
		   jmp 2f		" No match
003014: 603024  
		   lac d.name+3
003015: 205764  
		   sad 8 i
003016: 560010  
		   skp
003017: 741000  
		   jmp 2f		" No match
003020: 603024  
		   lac d.i		" A match. Get the i-number into AC
003021: 205760  
		   isz namei		" give skip return
003022: 442750  
		   jmp namei i
003023: 622750  
		2:
		   isz di		" No match, move up to the next direntry
003024: 445757  
		   isz 9f+t		" any left?
003025: 444247  
		   jmp 1b		"  yes: keep going
003026: 602772  
		   jmp namei i		" Didn't find it, return zero in AC (without skip)
003027: 622750  
		t = t+2
	000033  
				" NOTE: iget/iput share "temp" vars!!!
		                        " Given an i-number in AC, fetch that i-node
		                        " from disk and store it in the inode buffer
		iget: 0
003030: 000000  
		   dac ii		" Store the i-number in ii
003031: 045742  
		   cll; idiv; 5		" Divide by 5: 5 inodes in a block
003032: 744000  
003033: 653323  
003034: 000005  
		   dac 9f+t		" Store the remainder in 9f+t: the i-node
003035: 044251  
		   lacq			" number within the block
003036: 641002  
		   tad d2		" Add 2 to the quotient to get the block number
003037: 344131  
		   dac 9f+t+1		" and store in 9f+t+1
003040: 044252  
		   jms dskrd		" Get the block
003041: 102127  
		   lac 9f+t
003042: 204251  
		   cll; mul; 12		" Multiply the i-num within the block by 12
003043: 744000  
003044: 653122  
003045: 000014  
		   lacq			" to get the offset into the block
003046: 641002  
		   tad dskbufp		" Add on the base of the disk buffer
003047: 344114  
		   dac 9f+t		" save pointer into dskbuf in "t0"
003050: 044251  
		   dac .+2
003051: 043053  
		   jms copy; ..; inode; 12	" Copy 12 words from buffer to inode
003052: 101700  
003053: 000000  
003054: 005743  
003055: 000014  
		   jmp iget i		" and return
003056: 623030  
		iput: 0
003057: 000000  
		   lac 9f+t+1		" get block number saved by iget
003060: 204252  
		   jms dskrd		" read the block
003061: 102127  
		   law inode-1		" pointer to "in core" inode
003062: 765742  
		   dac 8		" in index 8
003063: 040010  
		   -1
003064: 777777  
		   tad 9f+t		" get saved pointer into buffer
003065: 344251  
		   dac 9		" in index 9
003066: 040011  
		   -12			" 12 word loop count
003067: 777764  
		   dac 9f+t+2		" in t2
003070: 044253  
		1:
		   lac 8 i		" fetch source word
003071: 220010  
		"** 01-s1.pdf page 36
		   sad 9 i		" differs from disk?
003072: 560011  
		   skp			"  no:
003073: 741000  
		   jmp 2f		"   yes: 
003074: 603100  
		   isz 9f+t+2		" no difference: done?
003075: 444253  
		   jmp 1b		"  no: keep going
003076: 603071  
		   jmp iput i		" yes: return w/o writing to disk
003077: 623057  
		2:			" here with in-core inode changed
		   -1			" back up both pointers
003100: 777777  
		   tad 8
003101: 340010  
		   dac 8
003102: 040010  
		   -1
003103: 777777  
		   tad 9
003104: 340011  
		   dac 9
003105: 040011  
		1:
		   lac 8 i		" fetch word
003106: 220010  
		   dac 9 i		" copy to dskbuf
003107: 060011  
		   isz 9f+t+2		" done?
003110: 444253  
		   jmp 1b		"  no: keep going
003111: 603106  
		   lac 9f+t+1		" get block number
003112: 204252  
		   jms dskwr		" write back to disk
003113: 102157  
		   jmp iput i		" return
003114: 623057  
		t = t+3
	000036  
			" NOTE! dget/dput share "temp" vars
			" allocate directory entry
			" AC/ entry number
		dget: 0
003115: 000000  
		   dac di			" save entry number
003116: 045757  
		   alss 3			" get word number
003117: 660703  
		   dac 9f+t			" save in t0
003120: 044254  
		   jms pget			" get free disk block
003121: 103163  
		   dac 9f+t+1			" save in t1
003122: 044255  
		   jms dskrd			" read block
003123: 102127  
		   lac 9f+t			" get word number
003124: 204254  
		   and o77			" get word within block
003125: 504151  
		   tad dskbufp			" make pointer into dskbuf
003126: 344114  
		   dac 9f+t+2			" save in t2
003127: 044256  
		   dac .+2			" save as copy source
003130: 043132  
		   jms copy; ..; dnode; 8	" copy entry into dnode
003131: 101700  
003132: 000000  
003133: 005760  
003134: 000010  
		   lac 9f+t			" get word number
003135: 204254  
		   tad d8			" of end of new node
003136: 344137  
		   jms betwen; d0; i.size	" already allocated?
003137: 101654  
003140: 004127  
003141: 005755  
		      skp			"  no
003142: 741000  
		   jmp dget i			"   yes: return
003143: 623115  
		   jms dacisize			" store new file size
003144: 103413  
		   dzm d.i			" mark new entry as free
003145: 145760  
		   jmp dget i			" return
003146: 623115  
			" write directory entry (back) to disk
		dput: 0
003147: 000000  
		   lac 9f+t+1			" get disk block number back
003150: 204255  
		   jms dskrd			" read into dskbuf
003151: 102127  
		   lac 9f+t+2			" get pointer into dskbuf
003152: 204256  
		   dac .+3			" save as copy dest
003153: 043156  
		   jms copy; dnode; ..; 8	" copy into dskbuf
003154: 101700  
003155: 005760  
003156: 000000  
003157: 000010  
		   lac 9f+t+1			" get disk block number
003160: 204255  
		   jms dskwr			" write back to disk
003161: 102157  
		   jmp dput i
003162: 623147  
		t = t+3
	000041  
			" get a block number for a file, returns disk block number
			" allocates block if not allocated
			" AC/ file offset
			"   jms pget
			" AC/ disk block number
		pget: 0
003163: 000000  
		   lrss 6				" convert offset to block
003164: 660506  
		   dac 9f+t				" save as t0
003165: 044257  
		   lac i.flags
003166: 205743  
		"** 01-s1.pdf page 37
		   and o200000
003167: 504201  
		   sza					" large file bit set?
003170: 740200  
		   jmp 2f				"  yes
003171: 603231  
		   lac 9f+t				" no: small file
003172: 204257  
		   jms betwen; d0; d6			" block 0..6?
003173: 101654  
003174: 004127  
003175: 004135  
		      jmp 1f				"  no
003176: 603206  
		   tad idskpp				" make into block number pointer
003177: 344113  
		   dac 9f+t				" save in t0
003200: 044257  
		   lac 9f+t i				" get disk block number
003201: 224257  
		   sna					" allocated?
003202: 741200  
		   jms alloc				"  no: allocate now
003203: 101556  
		   dac 9f+t i				" save (new) disk block number
003204: 064257  
		   jmp pget i				" return disk block number
003205: 623163  
		1:					" here when file block>=7, not "large"
		   jms alloc				" allocate indirect block
003206: 101556  
		   dac 9f+t+1				" save as t1
003207: 044260  
		   jms copy; i.dskps; dskbuf; 7		" copy all the disk block numbers
003210: 101700  
003211: 005744  
003212: 007700  
003213: 000007  
		   jms copyz; dskbuf+7; 64-7		" zero rest of indirect block
003214: 101723  
003215: 007707  
003216: 000071  
		   lac 9f+t+1				" get indirect block number back
003217: 204260  
		   jms dskwr				" write indirect block to disk
003220: 102157  
		   lac 9f+t+1
003221: 204260  
		   dac i.dskps				" save indirect as new first block
003222: 045744  
		   jms copyz; i.dskps+1; 6		" zero rest of block pointers
003223: 101723  
003224: 005745  
003225: 000006  
		   lac i.flags
003226: 205743  
		   xor o200000				" set "large file"
003227: 244201  
		   dac i.flags
003230: 045743  
		2:					" here with "large file"
		   lac 9f+t				" get file block number
003231: 204257  
		   lrss 6				" divide by 64 (indirects/block)
003232: 660506  
		   jms betwen; d0; d6			" ok now?
003233: 101654  
003234: 004127  
003235: 004135  
		      jms halt " file too big		"  no, you lose!
003236: 102265  
		   tad idskpp				" yes: get indirect block pointer
003237: 344113  
		   dac 9f+t+1				" save in t1
003240: 044260  
		   lac 9f+t+1 i				" get indirect block number
003241: 224260  
		   sna					" allocated?
003242: 741200  
		   jms alloc				"  no, get it now
003243: 101556  
		   dac 9f+t+1 i				" save (new) indirect block
003244: 064260  
		   dac 9f+t+2				" save as t2
003245: 044261  
		   jms dskrd				" read indirect block
003246: 102127  
		   lac 9f+t				" get original block number
003247: 204257  
		   and o77				" mod by 64
003250: 504151  
		   tad dskbufp				" get pointer to disk block number
003251: 344114  
		   dac 9f+t+1				" save as t1
003252: 044260  
		   lac 9f+t+1 i				" fetch disk block number
003253: 224260  
		   sza					" allocated?
003254: 740200  
		   jmp pget i				"  yes: return
003255: 623163  
		   jms alloc				" no: allocate data block
003256: 101556  
		   dac 9f+t				" save as t0
003257: 044257  
		   lac 9f+t+2				" get indirect block number
003260: 204261  
		   jms dskrd				" read it in
003261: 102127  
		   lac 9f+t				" get data block number
003262: 204257  
		   dac 9f+t+1 i				" save data block number
003263: 064260  
		   lac 9f+t+2
003264: 204261  
		   jms dskwr				" write indirect block back
003265: 102157  
		   lac 9f+t				" get data block back
003266: 204257  
		   jmp pget i				" return it
003267: 623163  
		t = t+3
	000044  
			" write to file referenced by loaded inode
			" AC/ file offset
			"    jms iwrite; addr; count
		iwrite: 0				" set to skp (or nop by iread)
003270: 000000  
		   dac 9f+t				" save arg in t0
003271: 044262  
		   lac iwrite				" load return address
003272: 203270  
		"** 01-s1.pdf page 38
		   dac iread				" save as iread return addr
003273: 043277  
		   lac cskp				" load skip instruction
003274: 203346  
		   dac iwrite				" save as iwrite instruction
003275: 043270  
		   jmp 1f
003276: 603303  
			" read from file referenced by loaded inode
			" AC/ file offset
			"    jms iread; addr; count
		iread: 0
003277: 000000  
		   dac 9f+t				" save offset in t0
003300: 044262  
		   lac cnop				" get nop
003301: 203453  
		   dac iwrite				" save in iwrite return location
003302: 043270  
		1:					" common code for iread/iwrite
		   -1
003303: 777777  
		   tad iread i				" get word before return addr
003304: 363277  
		   dac 10				" store in index 10 & 11
003305: 040012  
		   dac 11
003306: 040013  
		   isz iread				" increment return addr
003307: 443277  
		   lac iread i				" load addr
003310: 223277  
		   dac 9f+t+1				" save in t1
003311: 044263  
		   isz iread				" increment return addr
003312: 443277  
		   lac o70000				" get max file size
003313: 204175  
		   xct iwrite				" skip if write
003314: 403270  
		   lac i.size				"  read: get file size
003315: 205755  
		   cma
003316: 740001  
		   tad 9f+t				" add offset
003317: 344262  
		   cma
003320: 740001  
		   jms betwen; d0; 9f+t+1
003321: 101654  
003322: 004127  
003323: 004263  
		      lac 9f+t+1
003324: 204263  
		   dac 9f+t+2
003325: 044264  
		   cma
003326: 740001  
		   tad d1				" subtract offset
003327: 344130  
		   sna					" offset == size?
003330: 741200  
		   jmp iread i				"  yes, return
003331: 623277  
		   dac 9f+t+1				" save size-offset in t1
003332: 044263  
		1:
		   lac 9f+t
003333: 204262  
		   jms pget
003334: 103163  
		   dac 9f+t+3
003335: 044265  
		   jms dskrd
003336: 102127  
		   lac 9f+t
003337: 204262  
		   and o77
003340: 504151  
		   tad dskbufp
003341: 344114  
		   tad dm1
003342: 344215  
		   xct iwrite				" skip if write
003343: 403270  
		   jmp .+3
003344: 603347  
		   dac 10				" here on read
003345: 040012  
		cskp:					" literal for store to iwrite
		   skp
003346: 741000  
		   dac 11				" here on write
003347: 040013  
		2:
		   lac 11 i
003350: 220013  
		   dac 10 i
003351: 060012  
		   isz 9f+t
003352: 444262  
		   isz 9f+t+1
003353: 444263  
		   jmp 3f
003354: 603370  
		      xct iwrite			" skip if write
003355: 403270  
		      jmp 4f
003356: 603366  
		      lac 9f+t
003357: 204262  
		      jms betwen; d0; i.size
003360: 101654  
003361: 004127  
003362: 005755  
		         dac i.size
003363: 045755  
		      lac 9f+t+3
003364: 204265  
		      jms dskwr
003365: 102157  
		   4:
		"** 01-s1.pdf page 39
		      lac 9f+t+2
003366: 204264  
		      jmp iread i
003367: 623277  
		3:
		   lac 9f+t
003370: 204262  
		   and o77
003371: 504151  
		   sza
003372: 740200  
		   jmp 2b
003373: 603350  
		   xct iwrite			" skip if write
003374: 403270  
		   jmp 1b
003375: 603333  
		   lac 9f+t+3
003376: 204265  
		   jms dskwr
003377: 102157  
		   jmp 1b
003400: 603333  
		t = t+4
	000050  
			" system call helper
			" AC/ fd
			"   jms finac
			" return with: fnode and inode loaded
			"	or makes error return to user
		finac: 0
003401: 000000  
		   lac u.ac
003402: 205642  
		   jms fget
003403: 102371  
		      jms error
003404: 101542  
		   lac f.flags
003405: 205770  
		   sma
003406: 740100  
		   jms error
003407: 101542  
		   lac f.i
003410: 205772  
		   jms iget
003411: 103030  
		   jmp finac i
003412: 623401  
			" update inode file size with value in AC
		dacisize: 0
003413: 000000  
		   dac i.size
003414: 045755  
		   jms iput
003415: 103057  
		   lac i.size
003416: 205755  
		   jmp dacisize i
003417: 623413  
		"** 01-s1.pdf page 41
		" s7
		pibreak:		" priority interrupt break processing "chain"
		   dac .ac		" save interrupt AC
003420: 044102  
			"** CROSSED OUT....
		   dpsf			" skip on data phone flag set
003421: 704741  
		   jmp 1f		"  not set: check next device
003422: 603443  
		   dpcf			" clear dataphone flag
003423: 704761  
		   dprs			" read dataphone status
003424: 704752  
		   dac dpstat		" save for user
003425: 045543  
		   sma ral		" REC FLG set? rotate flags left
003426: 740110  
		   jmp 2f		"  no
003427: 603436  
		   dprc			" read char (bit zero set if parity correct)
003430: 704712  
		   dac dpchar		" save for user
003431: 045546  
		   -1
003432: 777777  
		   dac dpread		" dpread = -1
003433: 045544  
		   lac dpstat		" get status back
003434: 205543  
		   ral			" rotate up
003435: 740010  
		2:
		   sma			" XMIT FLG set?
003436: 740100  
		   jmp piret		"  no: return from interrupt
003437: 603766  
		   -1
003440: 777777  
		   dac dpwrite		" dpwrite = -1
003441: 045545  
		   jmp piret	"** END OF CROSSOUT
003442: 603766  
		1: clsf			" clock overflow (60hz tick increment of loc 7 (-1))
003443: 700001  
		   jmp 1f		"  no
003444: 603477  
		   lpb			" load display push buttons
003445: 704412  
		   dac pbsflgs		" save
003446: 045507  
		   isz s.tim+1		" increment low order tick count
003447: 445571  
		   skp			"  no overflow, skip high order word increment
003450: 741000  
		   isz s.tim		"   low order overflowed, increment high order count
003451: 445570  
					"   ("never" skips: 36 bits overflows every 36 years!)
		   isz uquant		"    increment user quantum counter (ignore overflow)
003452: 445505  
					"     (18 bits overflows in 72 minutes)
			"** written: ttydelay -> ttyd1 ;
			"** written: ttyrestart -> ttyres1
		cnop:			" constant location for iread (stored at iwrite!)
		   nop
003453: 740000  
		   -1
003454: 777777  
		   dac 7		" reset rt clock count to -1 (overflow on next tick)
003455: 040007  
		   clon			" enable clock interrupts, clear overflow flag
003456: 700044  
		   lac ttydelay		" tty delay positive?
003457: 205514  
		   spa			"  yes: skip to skp
003460: 741100  
		   isz ttydelay		"   no: done delaying?
003461: 445514  
		   skp			"    not done
003462: 741000  
		   jms ttyrestart	"     yes: start output
003463: 103603  
			"** START CROSSED OUT: written: lac tty
		   lac .dspb
003464: 205547  
		   sna			" .dspb != 0?
003465: 741200  
		   jmp piret		"  no: return
003466: 603766  
		   isz .dsptm		" increment .dsptm; is zero?
003467: 444104  
		   skp			"  no
003470: 741000  
		   jmp dsprestart	" yes: restart display
003471: 603523  
		   sad d3		" .dspb == 3?
003472: 544132  
		   jmp piret		"  yes: return
003473: 603766  
		   isz .dspb		" increment .dspb; is zero?
003474: 445547  
		   jmp piret		"  no: return from interrupt
003475: 603766  
		   jmp dsprestart	" yes: restart display
003476: 603523  
				"** END CROSSED OUT
		1: dssf			" disk flag set?
003477: 707121  
		   jmp 1f		"  no
003500: 603507  
		   -1			" set .dskb = -1
003501: 777777  
		   dac .dskb
003502: 044105  
		"** 01-s1.pdf page 42
		   dsrs			" get disk status in .dske
003503: 707132  
		   dac .dske
003504: 044106  
		   dscs			" clear status register
003505: 707141  
		   jmp piret
003506: 603766  
				"** BEGIN CROSSED OUT
		1: lds			" load display status (see 03-scope.pdf pg 25)
003507: 701052  
		   sma ral		" display trap set? (and rotate left)
003510: 740110  
		   jmp 1f		"  not set
003511: 603532  
		   cdf			" display done executing; clear display flags
003512: 700501  
		   lac .dspb
003513: 205547  
		   sna
003514: 741200  
		   jmp piret		" return now if .dspb == 0
003515: 603766  
		   tad dm3
003516: 344214  
		   sna
003517: 741200  
		   jmp dsprestart	" start display if .dspb == 3
003520: 603523  
		   dac .dspb		" otherwise, .dspb -= 3 and return
003521: 045547  
		   jmp piret
003522: 603766  
		dsprestart:
		   lac d1
003523: 204130  
		   dac .dspb		" set .dspb = 1
003524: 045547  
		   lac dspbufp		" load display buf pointer
003525: 205506  
		   beg			" start display processor
003526: 700547  
		   -10
003527: 777766  
		   dac .dsptm		" set .dsptm = -10 (10 ticks)
003530: 044104  
		   jmp piret
003531: 603766  
		1: sma ral		" edges flag set?? (and rotate)
003532: 740110  
		   jmp .+3		"  no
003533: 603536  
		   raef			" "resume after edges flag"
003534: 700742  
		   jmp piret		" return
003535: 603766  
		   sma			" light pen flag?
003536: 740100  
		   jmp 1f		"  no
003537: 603544  
		   lda			" G-2: load display address
003540: 701012  
		   dac .lpba		" save
003541: 045550  
		   rlpd			" G-2: resume after light pen stop
003542: 700723  
		   jmp piret
003543: 603766  
		1: ksf			" (TTY) keyboard flag set?
003544: 700301  
		   jmp 1f		"  no
003545: 603576  
		   lac ttydelay		" get TTY delay
003546: 205514  
		   sma			" minus (waiting for output)?
003547: 740100  
		   isz ttydelay		"  no: increment??? (make more positive)
003550: 445514  
		   krb			" read keyboard buffer
003551: 700312  
		   dac char		" save in char
003552: 045522  
		   sad o375		" interrupt char (TTY ALT MODE?)
003553: 544162  
		   jmp intrp1		"  yes
003554: 604032  
		   lac d1
003555: 204130  
		   jms putchar
003556: 101741  
		      dzm char
003557: 145522  
		   lac sfiles+0		" get sleep word for ttyin
003560: 205531  
		   jms wakeup		" wake processes
003561: 103773  
		   dac sfiles+0		" clear sleep word
003562: 045531  
		   lac char		" get character
003563: 205522  
		   sad o212		" new line (with parity)??
003564: 544161  
		   skp			"  yes
003565: 741000  
		   jmp piret		"   no: done
003566: 603766  
		   lac sfiles+1		" get ttyout sleep word
003567: 205532  
		   sma			" busy?
003570: 740100  
		   xor o400000		"  no, mark as busy now!
003571: 244204  
		   dac sfiles+1		" save back
003572: 045532  
		"** 01-s1.pdf page 43
		   jms putcr		" output CR next
003573: 104025  
		   jms ttyrestart	" start output
003574: 103603  
		   jmp piret
003575: 603766  
		1: tsf			" TTY output flag set?
003576: 700401  
		   jmp 1f		"  no
003577: 603637  
		   tcf			" yes: clear flag
003600: 700402  
		   jms ttyrestart	" transmit next character
003601: 103603  
		   jmp piret
003602: 603766  
		ttyrestart: 0
003603: 000000  
		   lac ttydelay		" get tty delay
003604: 205514  
		   spa			" positive?
003605: 741100  
		   jmp ttyrestart i	"  no: keep waiting
003606: 623603  
		   lac nttychar		" get pending CR, if any
003607: 205512  
		   dzm nttychar		" clear it
003610: 145512  
		   sza			" need to send CR?
003611: 740200  
		   jmp 3f		"  yes
003612: 603617  
		   isz ttydelay		" increment ttydelay (make more positive)
003613: 445514  
		   lac d2
003614: 204131  
		   jms getchar		" get a character
003615: 101756  
		      jmp 2f		"  none found??
003616: 603633  
		3:
		   tls			" start output
003617: 700406  
		   sad o12		" newline?
003620: 544141  
		   jms putcr		" yes: put CR next
003621: 104025  
		   sad o15		" CR?
003622: 544143  
		   skp			"  yes
003623: 741000  
		   jmp ttyrestart i	"   no: return
003624: 623603  
		   lac ttydelay		" get current tty delay
003625: 205514  
		   tad o20		" bump by 16
003626: 344145  
		   rcr			" divide by two
003627: 744020  
		   cma			" complement
003630: 740001  
		   dac ttydelay		" save as delay countdown
003631: 045514  
		   jmp ttyrestart i
003632: 623603  
		2:
		   lac sfiles+1		" run out of characters to send: wake user(s)
003633: 205532  
		   jms wakeup
003634: 103773  
		   dac sfiles+1
003635: 045532  
		   jmp ttyrestart i	"** written arrow up 2 copies
003636: 623603  
					"** BEGIN CROSSED OUT
		1: sck			" Graphic-2 keyboard flag set?
003637: 704301  
		   jmp 1f		"  no.
003640: 603655  
		   cck			" yes: clear flag
003641: 704304  
		   lck			" read character
003642: 704312  
		   dac char
003643: 045522  
		   sad o33		" code 33 (ESCAPE?)
003644: 544146  
		   jmp intrp2		"  yes: mark interrupt
003645: 604055  
		   lac d3
003646: 204132  
		   jms putchar
003647: 101741  
		      nop
003650: 740000  
		   lac sfiles+2
003651: 205533  
		   jms wakeup
003652: 103773  
		   dac sfiles+2
003653: 045533  
		   jmp piret
003654: 603766  
		1: rsf			" paper tape reader ready?
003655: 700101  
		   jmp 1f		"  no
003656: 603723  
		"** 01-s1.pdf page 44
		   lac npptchar
003657: 205513  
		   sna			" have saved char?
003660: 741200  
		   jmp .+5		"  no: jump to second rrb
003661: 603666  
		   dac char		" yes: save as current char
003662: 045522  
		   rrb			" clear flag, read ptr buffer
003663: 700112  
		   dac npptchar		" save as saved char
003664: 045513  
		   jmp .+3
003665: 603670  
		   rrb			" here without saved char: read new
003666: 700112  
		   dac char		" save as current
003667: 045522  
		3:
		   lac char
003670: 205522  
		   sna
003671: 741200  
		   jmp 2f
003672: 603701  
		   lac d4
003673: 204133  
		   jms putchar
003674: 101741  
		      jmp 3f
003675: 603715  
		   lac char
003676: 205522  
		   sad d4
003677: 544133  
		   jmp 4f
003700: 603717  
		2:
		   lac npptchar		" get saved char (if any)
003701: 205513  
		   sna			" had saved char?
003702: 741200  
		   jmp .+4		"  no
003703: 603707  
		   dac char		" yes: save as char to send
003704: 045522  
		   dzm npptchar		" clear saved char
003705: 145513  
		   jmp 3b
003706: 603670  
		   rsa			" reader select alphanumeric mode
003707: 700104  
		   lac sfiles+3
003710: 205534  
		   jms wakeup		" wake sleepers; returns zero
003711: 103773  
		   xor o400000		" mark busy (rsa before sleep @ rppti)
003712: 244204  
		   dac sfiles+3
003713: 045534  
		   jmp piret
003714: 603766  
		3:
		   lac char
003715: 205522  
		   dac npptchar
003716: 045513  
		4:
		   lac sfiles+3
003717: 205534  
		   jms wakeup
003720: 103773  
		   dac sfiles+3
003721: 045534  
		   jmp piret
003722: 603766  
		1: psf			" paper tape punch ready?
003723: 700201  
		   jmp 1f		"  no
003724: 603737  
		   pcf			" clear ptp flag
003725: 700202  
		   lac d5
003726: 204134  
		   jms getchar		" get next char
003727: 101756  
		   jmp .+3		"  none: wake sleepers
003730: 603733  
		   psa			" punch set alphanumeric mode
003731: 700204  
		   jmp piret		" return from interrupt
003732: 603766  
		   lac sfiles+4		" get sleeper bit vector
003733: 205535  
		   jms wakeup		" wake them
003734: 103773  
		   dac sfiles+4		" store zero
003735: 045535  
		   jmp piret		" return from PI
003736: 603766  
				"** BEGIN CROSSED OUT
		1: spb			" any graphic-2 push button?
003737: 704401  
		   jmp 1f		"  no
003740: 603756  
		   cpb			" clear push button flag
003741: 704404  
		   lpb			" load push button value
003742: 704412  
		   dac pbsflgs+1
003743: 045510  
		"** 01-s1.pdf page 45
		   and o2000		" get push button 7
003744: 504164  
		   sna			" set?
003745: 741200  
		   jmp piret		"  no: done
003746: 603766  
		   jms dspinit		" yes: reset display buffer
003747: 102617  
		   lac sfiles+6		" wake up anyone sleeping on display
003750: 205537  
		   jms wakeup
003751: 103773  
		   dac sfiles+6
003752: 045537  
		   cla			" clear button lights
003753: 750000  
		   wbl
003754: 704424  
		   jmp piret	"** END CROSSED OUT
003755: 603766  
		1: crsf			" card reader flag set?
003756: 706701  
		   jmp 1f		"  no
003757: 603765  
		   crrb
003760: 706712  
		   dac crchar
003761: 045552  
		   -1
003762: 777777  
		   dac crread
003763: 045551  
		   jmp piret
003764: 603766  
		1: crrb			" clear CR flag for good measure???
003765: 706712  
		piret:			" return from priority interrupt
		   lac 0		" get LINK (in bit 0)
003766: 200000  
		   ral			" restore LINK
003767: 740010  
		   lac .ac		" restore AC
003770: 204102  
		   ion			" reenable interrupts
003771: 700042  
		   jmp 0 i		" return from interrupt
003772: 620000  
			" wake sleeping processes
			" NOTE!! Called from interrupt service, so avoids indirect!!!
			" call:
			" AC/ sfiles word (bit vector of processes to wake)
			"   jms wakeup
			" AC/ 0 (to store in sfiles word)
		wakeup: 0
003773: 000000  
		   dac 9f+t		" save vector in t0
003774: 044266  
		   -mnproc
003775: 777766  
		   dac 9f+t+1		" loop count in t1
003776: 044267  
		   lac tadu		" get "tad ulist"
003777: 204107  
		   dac 2f
004000: 044011  
		   lac dacu		" get "dac ulist"
004001: 204110  
		   dac 2f+1
004002: 044012  
		1:
		   lac 9f+t
004003: 204266  
		   ral			" rotate vector up one
004004: 740010  
		   dac 9f+t
004005: 044266  
		   sma			" high bit set?
004006: 740100  
		   jmp 2f+2		"  no: skip the fun
004007: 604013  
		   lac o700000		" yes: decrement process status (mark ready)
004010: 204211  
		2: tad ..		" (avoiding indirect)
004011: 340000  
		   dac ..
004012: 040000  
		   lac 2b		" advance tad operand by 4 words
004013: 204011  
		   tad d4
004014: 344133  
		   dac 2b
004015: 044011  
		   lac 2b+1		" advance tad operand by 4 words
004016: 204012  
		   tad d4
004017: 344133  
		   dac 2b+1
004020: 044012  
		   isz 9f+t+1		" done?
004021: 444267  
		   jmp 1b		"  no, keep going
004022: 604003  
		   cla			" return zero in AC
004023: 750000  
		   jmp wakeup i
004024: 623773  
		t = t+2
	000052  
			" call to output CR after LF (NL) on TTY
		putcr: 0
004025: 000000  
		   lac o15
004026: 204143  
		   dac nttychar
004027: 045512  
		"** 01-s1.pdf page 46
		   cla
004030: 750000  
		   jmp putcr i
004031: 624025  
		intrp1:			" here with TTY interrupt character
		   lac d6		" get keyboard special device number
004032: 204135  
		   dac .int1		" save as interrupt source
004033: 044100  
		   lac d1		" drain tty input buffer?
004034: 204130  
		   jms getchar
004035: 101756  
		      skp
004036: 741000  
		   jmp .-3
004037: 604034  
		   lac d2		" drain tty output buffer?
004040: 204131  
		   jms getchar
004041: 101756  
		      skp
004042: 741000  
		   jmp .-3
004043: 604040  
		   lac sfiles+0		" wake ttyin sleepers
004044: 205531  
		   jms wakeup
004045: 103773  
		   dac sfiles+0
004046: 045531  
		   lac sfiles+1		" wake ttyout sleepers
004047: 205532  
		   jms wakeup
004050: 103773  
		   dac sfiles+1
004051: 045532  
		   jms chkint		" check if user interrupted
004052: 100320  
		      jmp piret		"  no, return from PI
004053: 603766  
		   jmp 1f		" yes: return thru system call code (dump core)
004054: 604073  
		intrp2:			" here with display interrupt character
		   lac d7		" get keyboard special device number
004055: 204136  
		   dac .int2		" save as interrupt source
004056: 044101  
		   lac d3		" drain keyboard buffer?
004057: 204132  
		   jms getchar
004060: 101756  
		      skp
004061: 741000  
		   jmp .-3
004062: 604057  
		   lac sfiles+2		" wake up any "keyboard" sleepers
004063: 205533  
		   jms wakeup
004064: 103773  
		   dac sfiles+2
004065: 045533  
		   lac sfiles+6		" wake up any "display" sleepers
004066: 205537  
		   jms wakeup
004067: 103773  
		   dac sfiles+6
004070: 045537  
		   jms chkint		" check if user interrupted
004071: 100320  
		      jmp piret		"  no, return from PI
004072: 603766  
		1:
		   lac 0		" get interrupt PC
004073: 200000  
		   dac 020		" save as system call return PC
004074: 040020  
		   lac .ac		" restore AC from interrupt
004075: 204102  
		   jmp 021		" join system call processing (dump core?)
004076: 600021  
		"** 01-s1.pdf page 48
		" s8
		" manifests
		mnproc = 10			" number of processes
	000012  
		dspbsz = 270			" display buffer size
	000416  
		ndskbs = 4			" number of buffers at dskbs
	000004  
		" flags
		.insys: 0			" "in system"
004077: 000000  
		.int1: 0			" inode for user interrupt 1
004100: 000000  
		.int2: 0			" inode for user interrupt 2
004101: 000000  
		.ac: 0				" saved AC from Priotity Interrupt
004102: 000000  
		.savblk: 0			" set by system call, cleared by disk i/o
004103: 000000  
		.dsptm: 0			" display restart countdown (10 ticks)
004104: 000000  
		.dskb: 0			" set on disk interrupt
004105: 000000  
		.dske: 0			" status from disk interrupt
004106: 000000  
		" pointers
		tadu: tad ulist
004107: 345572  
		dacu: dac ulist
004110: 045572  
		maxquant: 30
004111: 000036  
		ofilesp: u.ofiles
004112: 005665  
		idskpp: i.dskps
004113: 005744  
		dskbufp: dskbuf
004114: 007700  
		edspbuf: dspbuf+dspbsz
004115: 005075  
		dspbufp3: dspbuf+3
004116: 004462  
		fblksp: s.fblks
004117: 005555  
		dacq1: dac q1
004120: 044271  
		lacq1: lac q1
004121: 204271  
		q2p: q2
004122: 004311  
		" strings
		initf:
		   <in>; <it>; 040040; 040040 " was <i>n;<i>t;< > ;< >  but as.s unhappy!
004123: 151156  
004124: 151164  
004125: 040040  
004126: 040040  
		" constants
		d0: 0
004127: 000000  
		d1: 1
004130: 000001  
		d2: 2
004131: 000002  
		d3: 3
004132: 000003  
		d4: 4
004133: 000004  
		d5: 5
004134: 000005  
		d6: 6
004135: 000006  
		d7: o7: 07
004136: 000007  
		d8: 8
004137: 000010  
		d9: 9
004140: 000011  
		o12: d10: 10
004141: 000012  
		o14: 014
004142: 000014  
		o15: 015
004143: 000015  
		o17: 017
004144: 000017  
		o20: 020
004145: 000020  
		o33: 033
004146: 000033  
		o40: 040
004147: 000040  
		o55: 055
004150: 000055  
		o77: 077
004151: 000077  
		d65:o101: 0101
004152: 000101  
		d33: 33
004153: 000041  
		o132: 0132
004154: 000132  
		o134: 0134
004155: 000134  
		o137: 0137
004156: 000137  
		o155: 0155
004157: 000155  
		o177: 0177
004160: 000177  
		"** 01-s1.pdf page 49
		o212: 0212
004161: 000212  
		o375: 0375
004162: 000375  
		o777: 0777
004163: 000777  
		o2000: 02000
004164: 002000  
		o4000: 04000
004165: 004000  
		d7999: 7999
004166: 017477  
		o10000: 010000
004167: 010000  
		o17762: 017762
004170: 017762  
		o17777: 017777
004171: 017777  
		o20001: 020001
004172: 020001  
		o40000: 040000
004173: 040000  
		o40001: 040001
004174: 040001  
		o70000: 070000
004175: 070000  
		o77777: 077777
004176: 077777  
		o100000: 0100000
004177: 100000  
		o140000: 0140000
004200: 140000  
		o200000: 0200000
004201: 200000  
		o200001: 0200001
004202: 200001  
		o300000: 0300000
004203: 300000  
		o400000: 0400000
004204: 400000  
		o500000: 0500000
004205: 500000  
		o577777: 0577777
004206: 577777  
		o600000: 0600000
004207: 600000  
		o640000: 0640000
004210: 640000  
		o700000: 0700000
004211: 700000  
		o777700: 0777700
004212: 777700  
		o777760: 0777760
004213: 777760  
		dm3: -3
004214: 777775  
		dm1: -1
004215: 777777  
		9: .=.+t			" per-routine temp variables
	1004270  
		c1: .=.+1			" not used?
	1004271  
			" character queues (two words each, head and tail pointers?)
			"  0: free list
			"  1: tty input
			"  2: tty output
			"  3: display keyboard
			"  4: paper tape reader
			"  5: paper tape punch
		q1: q2;q2+98			" queue element free list
004271: 004311  
004272: 004453  
		   .=.+14			" room for 7 queues (5 used)
	1004311  
		q2:				" queue elements (and two words padding??)
		   .+2;0;.+2;0;.+2;0;.+2;0;.+2;0;.+2;0;.+2;0;.+2;0;.+2;0;.+2;0
004311: 004313  
004312: 000000  
004313: 004315  
004314: 000000  
004315: 004317  
004316: 000000  
004317: 004321  
004320: 000000  
004321: 004323  
004322: 000000  
004323: 004325  
004324: 000000  
004325: 004327  
004326: 000000  
004327: 004331  
004330: 000000  
004331: 004333  
004332: 000000  
004333: 004335  
004334: 000000  
		   .+2;0;.+2;0;.+2;0;.+2;0;.+2;0;.+2;0;.+2;0;.+2;0;.+2;0;.+2;0
004335: 004337  
004336: 000000  
004337: 004341  
004340: 000000  
004341: 004343  
004342: 000000  
004343: 004345  
004344: 000000  
004345: 004347  
004346: 000000  
004347: 004351  
004350: 000000  
004351: 004353  
004352: 000000  
004353: 004355  
004354: 000000  
004355: 004357  
004356: 000000  
004357: 004361  
004360: 000000  
		   .+2;0;.+2;0;.+2;0;.+2;0;.+2;0;.+2;0;.+2;0;.+2;0;.+2;0;.+2;0
004361: 004363  
004362: 000000  
004363: 004365  
004364: 000000  
004365: 004367  
004366: 000000  
004367: 004371  
004370: 000000  
004371: 004373  
004372: 000000  
004373: 004375  
004374: 000000  
004375: 004377  
004376: 000000  
004377: 004401  
004400: 000000  
004401: 004403  
004402: 000000  
004403: 004405  
004404: 000000  
		   .+2;0;.+2;0;.+2;0;.+2;0;.+2;0;.+2;0;.+2;0;.+2;0;.+2;0;.+2;0
004405: 004407  
004406: 000000  
004407: 004411  
004410: 000000  
004411: 004413  
004412: 000000  
004413: 004415  
004414: 000000  
004415: 004417  
004416: 000000  
004417: 004421  
004420: 000000  
004421: 004423  
004422: 000000  
004423: 004425  
004424: 000000  
004425: 004427  
004426: 000000  
004427: 004431  
004430: 000000  
		   .+2;0;.+2;0;.+2;0;.+2;0;.+2;0;.+2;0;.+2;0;.+2;0;.+2;0;0;0
004431: 004433  
004432: 000000  
004433: 004435  
004434: 000000  
004435: 004437  
004436: 000000  
004437: 004441  
004440: 000000  
004441: 004443  
004442: 000000  
004443: 004445  
004444: 000000  
004445: 004447  
004446: 000000  
004447: 004451  
004450: 000000  
004451: 004453  
004452: 000000  
004453: 000000  
004454: 000000  
		dsploc: .=.+1			" pointer into dspbuf
	1004456  
		dsplno: .=.+1			" display current line number
	1004457  
		dspbuf:
		   0065057;0147740;0160000	" display commands: see 03-scope.pdf pg 20
004457: 065057  
004460: 147740  
004461: 160000  
			" PARAM: clear blink, clear light pen, scale=1, intensity=3
			" X-Y: invisible, no delay, Y=01740 (992)
			" X-Y: invisible, settling delay, X=0
		   .=.+30
	1004520  
			" Kernel startup (reused for display buffer)
		coldentry:
		   dzm 0100 " not re-entrant
004520: 140100  
		   caf				" clear all flags
004521: 703302  
		   ion				" enable interrupts
004522: 700042  
		   clon				" clear clock overflow flag
004523: 700044  
		   law 3072			" initialize display....
004524: 766000  
		   wcga
004525: 704206  
		   jms dspinit
004526: 102617  
		   law dspbuf			" set display buffer to default
004527: 764457  
		   jms movdsp
004530: 102626  
		   cla				" read system block from disk
004531: 750000  
		   jms dskio; 06000
004532: 102173  
004533: 006000  
		   jms copy; dskbuf; sysdata; ulist-sysdata	" copy to system data
004534: 101700  
004535: 007700  
004536: 005553  
004537: 000017  
		   lac d3			" look for "init" in default directory
004540: 204132  
		   jms namei; initf
004541: 102750  
004542: 004123  
		      jms halt
004543: 102265  
		"** 01-s1.pdf page 50
		   jms iget
004544: 103030  
		   cla
004545: 750000  
		   jms iread; 4096; 4096	" read in "init"
004546: 103277  
004547: 010000  
004550: 010000  
		   jmp 4096			" start process 1
004551: 610000  
		   . = dspbuf+dspbsz+3
	1005100  
		dskbuf = 07700
	007700  
		dskbs: .=.+65+65+65+65		" ndskbs buffers (block number + block)
	1005504  
		edskbsp: .
005504: 005504  
		uquant: .=.+1			" number of ticks user has been running
	1005506  
		dspbufp: .=.+1			" pointer to display buffer
	1005507  
		pbsflgs: .=.+2			" buttons on last tick, last button interrupt
	1005511  
		mode: .=.+1			" user access mode: 1 for write, 2 for read
	1005512  
		nttychar: .=.+1			" CR to send next, or zero
	1005513  
		npptchar: .=.+1			" saved PTR char
	1005514  
		ttydelay: .=.+1			" delay count for TTY output
	1005515  
		name: .=.+4			" file name for current sys call
	1005521  
		lnkaddr: .=.+1			" temp for character queue routines
	1005522  
		char: .=.+1			" current char: temp for PI
	1005523  
		dskaddr: .=.+1			" number of block in dskbuf
	1005524  
		uniqpid: 1			" pid generator
005524: 000001  
		lu: .=.+4			" user (process) table entry copy
	1005531  
		sfiles: .=.+10			" wait addresses for special files
	1005543  
				" (bit vectors of waiting processes?)
				" bit zero (MSB) means busy?, bit 1 first ulist entry, ....
				" offsets:	0: ttyin, 1: ttyout, 2: keyboard,
				"		3: ptr,   4: ptp,    6: display
		dpdata:				" dataphone data
		   dpstat: .=.+1
	1005544  
		   dpread: .=.+1
	1005545  
		   dpwrite: .=.+1
	1005546  
		   dpchar: .=.+1
	1005547  
		dspdata:			" display data
		   .dspb: .=.+1
	1005550  
		   .lpba: .=.+1	"** 4 written on listing
	1005551  
		crdata:				" card reader data
		   crread: .=.+1
	1005552  
		   crchar: .=.+1
	1005553  
		sysdata:			" system data 64 words saved to disk
		   s.nxfblk: .=.+1		" pointer to next free block??
	1005554  
		   s.nfblks: .=.+1		" number of free blocks (in fblks?)
	1005555  
		   s.fblks: .=.+10		" cached free block numbers
	1005567  
		   s.uniq: .=.+1		" next unique value
	1005570  
		   s.tim: .=.+2			" (up?)time in 60Hz ticks (low, high)
	1005572  
			" user (process) table
			" first word
			"   bits 0:2 -- status
			"	0: free slot
			"	1: in/ready
			"	2: in/notready
			"	3: out/ready
			"	4: out/notready??
			"   bits 3:17 -- disk swap address/8
			" second word: process pid
			" third word:  smes/rmes status:
			"	 0: not waiting
			"	rmes: -1 (waiting for message)
			"	smes: pid of process we're waiting to send to
			"	      complement sender pid in dest process
			" fourth word: smes message
		ulist:
		   0131000;1;0;0
005572: 131000  
005573: 000001  
005574: 000000  
005575: 000000  
		   0031040;0;0;0
005576: 031040  
005577: 000000  
005600: 000000  
005601: 000000  
		   0031100;0;0;0
005602: 031100  
005603: 000000  
005604: 000000  
005605: 000000  
		   0031140;0;0;0
005606: 031140  
005607: 000000  
005610: 000000  
005611: 000000  
		   0031200;0;0;0
005612: 031200  
005613: 000000  
005614: 000000  
005615: 000000  
		   0031240;0;0;0
005616: 031240  
005617: 000000  
005620: 000000  
005621: 000000  
		   0031300;0;0;0
005622: 031300  
005623: 000000  
005624: 000000  
005625: 000000  
		   0031340;0;0;0
005626: 031340  
005627: 000000  
005630: 000000  
005631: 000000  
		   0031400;0;0;0
005632: 031400  
005633: 000000  
005634: 000000  
005635: 000000  
		   0031440;0;0;0
005636: 031440  
005637: 000000  
005640: 000000  
005641: 000000  
		userdata:			" "ustruct" (swappable)
		   u.ac: 0			" user AC
005642: 000000  
		   u.mq: 0			" user MQ
005643: 000000  
		   u.rg: .=.+9			" user 010-017, user PC
	1005655  
		   u.uid: -1			" user id
005655: 777777  
		   u.pid: 1			" process id
005656: 000001  
		   u.cdir: 3			" current directory (i-num?)
005657: 000003  
		   u.ulistp: ulist		" pointer to process table entry
005660: 005572  
		   u.swapret: 0			" kernel routine to resume at after swap in
005661: 000000  
		   u.base: 0			" start of user buffer
005662: 000000  
		   u.count: 0			" size of user buffer
005663: 000000  
		"** 01-s1.pdf page 51
		   u.limit: 0			" end of user buffer
005664: 000000  
		   u.ofiles: .=.+30		" open files (10 "fnode" entries)
	1005723  
		   u.dspbuf: 0
005723: 000000  
		   u.intflg: 1
005724: 000001  
		      .=userdata+64
	1005742  
		ii: .=.+1			" The current i-node number stored in inode
	1005743  
		inode:				" disk inode in memory:
		   i.flags: .=.+1		" inode flags
	1005744  
						" 400000 in use
						" 200000 large file
						" 000040 special device (indicated by inum)
						" 000020 directory
						" 000010 owner read
						" 000004 owner write
						" 000002 world read
						" 000001 world write
		   i.dskps: .=.+7		" disk block numbers (indirect if "large file")
	1005753  
		   i.uid: .=.+1			" owner
	1005754  
		   i.nlks: .=.+1		" link count (negative)
	1005755  
		   i.size: .=.+1		" size (in words)
	1005756  
		   i.uniq: .=.+1		" unique number
	1005757  
		      .= inode+12
	1005757  
		di: .=.+1			" directory index
	1005760  
		dnode:				" directory entry:
		   d.i: .=.+1			" inode number
	1005761  
		   d.name: .=.+4		" name (space padded)
	1005765  
		   d.uniq: .=.+1		" unique number from directory inode
	1005766  
		      . = dnode+8
	1005770  
		fnode:				" open file entry (copied from u.ofiles)
		   f.flags: .=.+1		" see below
	1005771  
		   f.badd: .=.+1		" offset
	1005772  
		   f.i: 0			" file i-number
005772: 000000  
		"	f.flags:
		"		400000	in use
		"		000002	read
		"		000001	write

Labels:
.ac      004102 r
.capt    000404 r
.chdir   000622 r
.chmod   000414 r
.chown   000426 r
.close   000725 r
.creat   000665 r
.dskb    004105 r
.dske    004106 r
.dspb    005547 r
.dsptm   004104 r
.exit    001170 r
.fork    001116 r
.getuid  000433 r
.halt    001343 r
.insys   004077 r
.int1    004100 r
.int2    004101 r
.intrp   000257 r
.link    000474 r
.lpba    005550 r
.open    000633 r
.read    000731 r
.rele    000410 r
.rename  000574 r
.rmes    001204 r
.savblk  004103 r
.save    001156 r
.seek    000436 r
.setuid  000566 r
.smes    001232 r
.status  000352 r
.sysloc  000262 r
.tell    000466 r
.time    000615 r
.unlink  000547 r
.write   001000 r
access   002323 r
alloc    001556 r
arg      002636 r
argname  002642 r
awake    001311 r
badcal   001153 r
betwen   001654 r
c1       004270 r
char     005522 r
chkint   000320 r
chkint1  001546 r
cnop     003453 r
coldentr 004520 r
collapse 002066 r
copy     001700 r
copyz    001723 r
crchar   005552 r
crdata   005551 r
crread   005551 r
cskp     003346 r
d.i      005760 r
d.name   005761 r
d.uniq   005765 r
d0       004127 r
d1       004130 r
d10      004141 r
d2       004131 r
d3       004132 r
d33      004153 r
d4       004133 r
d5       004134 r
d6       004135 r
d65      004152 r
d7       004136 r
d7999    004166 r
d8       004137 r
d9       004140 r
dacisize 003413 r
dacq1    004120 r
dacu     004110 r
dget     003115 r
di       005757 r
dm1      004215 r
dm3      004214 r
dnode    005760 r
dpchar   005546 r
dpdata   005543 r
dpread   005544 r
dpstat   005543 r
dput     003147 r
dpwrite  005545 r
dskaddr  005523 r
dskbs    005100 r
dskbufp  004114 r
dskio    002173 r
dskrd    002127 r
dskswap  002300 r
dsktrans 002231 r
dskwr    002157 r
dslot    002474 r
dspbuf   004457 r
dspbufp  005506 r
dspbufp3 004116 r
dspdata  005547 r
dspinit  002617 r
dspleft  002573 r
dsplno   004456 r
dsploc   004455 r
dspnl    002605 r
dspput   002551 r
dspresta 003523 r
edskbsp  005504 r
edspbuf  004115 r
error    001542 r
exitrw   001041 r
f.badd   005771 r
f.flags  005770 r
f.i      005772 r
fallr    002436 r
fassign  002340 r
fblksp   004117 r
fget     002371 r
finac    003401 r
fnode    005770 r
forall   002423 r
fput     002413 r
free     001615 r
getchar  001756 r
halt     002265 r
i.dskps  005744 r
i.flags  005743 r
i.nlks   005754 r
i.size   005755 r
i.uid    005753 r
i.uniq   005756 r
icreat   002506 r
idskpp   004113 r
iget     003030 r
ii       005742 r
initf    004123 r
inode    005743 r
intrp1   004032 r
intrp2   004055 r
iput     003057 r
iread    003277 r
isown    002675 r
itrunc   002706 r
iwrite   003270 r
laci     001646 r
lacq1    004121 r
lnkaddr  005521 r
locn     000317 r
locsw    000275 r
lookfor  001073 r
lu       005525 r
maxquant 004111 r
mode     005511 r
movdsp   002626 r
name     005515 r
namei    002750 r
npptchar 005513 r
nttychar 005512 r
o10000   004167 r
o100000  004177 r
o101     004152 r
o12      004141 r
o132     004154 r
o134     004155 r
o137     004156 r
o14      004142 r
o140000  004200 r
o15      004143 r
o155     004157 r
o17      004144 r
o177     004160 r
o17762   004170 r
o17777   004171 r
o20      004145 r
o2000    004164 r
o200000  004201 r
o200001  004202 r
o20001   004172 r
o212     004161 r
o300000  004203 r
o33      004146 r
o375     004162 r
o40      004147 r
o4000    004165 r
o40000   004173 r
o400000  004204 r
o40001   004174 r
o500000  004205 r
o55      004150 r
o577777  004206 r
o600000  004207 r
o640000  004210 r
o7       004136 r
o70000   004175 r
o700000  004211 r
o77      004151 r
o777     004163 r
o777700  004212 r
o777760  004213 r
o77777   004176 r
ofilesp  004112 r
okexit   000102 r
open1    000722 r
orig     000000 r
passone  001534 r
pbsflgs  005507 r
pget     003163 r
pibreak  003420 r
piret    003766 r
putchar  001741 r
putcr    004025 r
putq     002022 r
q1       004271 r
q2       004311 r
q2p      004122 r
rkbdi    001415 r
rppti    001472 r
rttyi    001344 r
s.fblks  005555 r
s.nfblks 005554 r
s.nxfblk 005553 r
s.tim    005570 r
s.uniq   005567 r
searchu  001047 r
seektell 002656 r
sfiles   005531 r
sleep    002445 r
srcdbs   002046 r
swap     000136 r
swn      000256 r
swp      000220 r
swr      001331 r
sww      001331 r
sysdata  005553 r
sysexit  000103 r
tadu     004107 r
takeq    001770 r
ttydelay 005514 r
ttyresta 003603 r
u.ac     005642 r
u.base   005662 r
u.cdir   005657 r
u.count  005663 r
u.dspbuf 005723 r
u.intflg 005724 r
u.limit  005664 r
u.mq     005643 r
u.ofiles 005665 r
u.pid    005656 r
u.rg     005644 r
u.swapre 005661 r
u.uid    005655 r
u.ulistp 005660 r
ulist    005572 r
uniqpid  005524 r
uquant   005505 r
userdata 005642 r
wakeup   003773 r
wdspo    001462 r
wppto    001506 r
wttyo    001364 r
